MonthlyIncome,Age,TotalWorkingYears,DailyRate,YearsAtCompany,YearsWithCurrManager,SatisfactionIndex,OverTime,DistanceFromHome,StockOptionLevel,NumCompaniesWorked,WorkStress,JobLevel,YearsInCurrentRole,EnvironmentSatisfaction,JobSatisfaction,JobInvolvement,TrainingTimesLastYear,YearsSinceLastPromotion,RelationshipSatisfaction,Attrition
15972,47,29,1225,3,2,2.3333333333333335,0,2,3,6,0,4,2,2,2,4,2,1,3,0
2523,22,3,594,2,1,3.3333333333333335,0,2,1,0,0,1,1,3,4,3,2,2,3,0
17465,46,23,406,12,9,2.6666666666666665,0,3,1,3,0,4,9,1,3,3,3,4,4,0
2096,25,7,622,7,6,2.6666666666666665,0,13,0,1,0,1,4,2,3,3,1,0,3,0
5679,43,10,1001,8,7,3.0,1,9,1,3,1,2,7,4,3,3,3,4,2,0
3464,28,5,1157,3,2,3.0,1,2,0,5,2,1,2,1,4,1,4,2,4,1
2723,51,1,833,1,0,3.0,0,1,0,1,0,1,0,3,4,3,0,0,2,0
10820,43,18,1082,8,1,2.3333333333333335,0,27,1,8,0,3,7,3,1,3,1,0,3,0
4639,40,5,118,5,2,2.6666666666666665,0,14,1,1,0,2,4,4,1,3,2,1,3,0
5769,27,6,205,6,4,4.0,1,10,0,1,1,2,2,4,4,2,3,4,4,0
3407,36,10,1218,5,3,2.0,0,9,0,7,0,1,3,3,1,2,4,0,2,1
16124,29,9,694,7,7,3.3333333333333335,0,1,2,3,0,4,7,4,4,2,2,1,2,0
3697,45,12,549,10,8,3.0,0,8,2,9,0,2,9,4,4,3,3,9,1,0
2272,23,5,507,4,2,2.0,0,20,0,0,0,2,3,1,3,3,2,1,2,0
5343,34,14,669,13,9,2.6666666666666665,0,1,0,0,0,2,9,4,1,2,3,4,3,0
1102,19,1,303,1,0,3.0,0,2,0,1,0,1,0,2,4,2,3,1,3,1
7978,44,10,621,10,5,3.0,0,15,1,1,0,3,7,1,4,3,2,0,4,1
5467,47,16,1169,8,7,2.6666666666666665,0,14,1,8,0,2,7,3,2,3,4,1,3,0
6929,31,10,218,8,7,2.6666666666666665,0,7,1,4,0,2,7,2,4,4,3,7,2,0
10673,46,21,638,10,5,2.3333333333333335,1,1,1,2,2,3,9,3,1,2,5,9,3,0
2781,33,15,117,14,10,2.3333333333333335,0,9,1,0,0,1,10,1,4,3,5,4,2,0
8686,38,12,702,8,7,2.6666666666666665,0,1,0,4,0,2,3,1,4,2,2,0,3,0
5914,36,16,1396,13,7,3.3333333333333335,0,5,0,8,0,2,11,4,2,3,3,3,4,0
3423,46,10,991,7,7,2.6666666666666665,0,1,0,6,0,1,6,4,1,3,3,5,3,0
6870,41,11,447,3,2,1.6666666666666667,0,5,0,3,0,2,2,2,2,4,3,1,1,0
2678,20,2,654,2,2,3.6666666666666665,0,21,0,1,0,1,1,3,4,4,2,2,4,0
8346,31,6,1003,5,2,2.3333333333333335,0,5,1,1,0,2,2,1,3,3,3,0,3,0
3065,31,4,976,4,3,2.6666666666666665,1,3,1,1,0,1,2,3,1,3,3,2,4,0
17048,46,28,1402,26,9,1.6666666666666667,0,2,0,8,0,4,15,3,1,3,2,15,1,0
17584,53,21,1070,5,3,3.3333333333333335,1,3,3,3,2,4,3,3,3,3,5,1,4,0
2296,24,2,350,1,0,2.0,0,21,3,0,0,1,1,3,1,2,3,0,2,0
3149,52,9,1325,5,4,3.0,0,11,1,8,0,2,2,4,3,3,3,1,2,0
2088,36,13,1480,8,2,3.0,0,3,0,4,0,1,7,4,2,3,3,7,3,0
4025,29,10,1378,4,3,2.3333333333333335,1,13,1,4,1,2,3,4,2,2,2,0,1,0
4558,28,10,1300,10,8,2.6666666666666665,0,17,1,1,0,2,0,3,1,3,2,1,4,0
18880,42,24,300,22,14,1.6666666666666667,0,2,0,5,0,5,6,1,3,3,2,4,1,0
2380,21,2,501,2,2,2.6666666666666665,1,5,0,1,1,1,2,3,1,3,6,1,4,0
4941,52,11,723,8,7,2.0,0,8,0,2,0,2,2,3,2,2,3,7,1,1
2773,22,3,604,2,2,2.6666666666666665,0,6,0,0,0,1,2,1,3,3,3,2,4,0
2979,34,6,697,0,0,3.6666666666666665,0,3,3,3,0,1,0,3,4,2,2,0,4,0
5647,36,11,329,3,2,1.6666666666666667,0,16,2,4,0,2,2,3,1,2,3,0,1,0
13610,33,15,1277,7,7,3.0,1,15,0,7,0,3,6,2,3,3,2,7,4,1
4775,22,4,1230,2,2,3.0,0,1,2,6,0,2,2,4,4,2,2,2,1,0
19943,56,28,718,5,2,3.0,0,4,1,4,0,5,2,4,1,3,2,4,4,0
6623,29,6,1329,6,0,3.0,1,7,2,1,1,2,0,3,4,3,2,1,2,0
6815,36,15,884,1,0,2.0,0,1,0,6,0,2,0,2,3,3,5,0,1,0
8628,34,9,1239,8,1,3.3333333333333335,0,13,1,1,0,3,7,4,3,3,2,1,3,0
4809,34,16,665,16,10,2.3333333333333335,0,6,0,1,0,2,13,1,3,3,3,2,3,0
18740,50,29,989,27,8,3.0,1,7,1,5,2,5,3,2,3,2,2,13,4,0
4855,38,7,903,5,4,2.0,0,2,2,4,0,2,2,3,2,3,2,1,1,1
9714,30,10,740,10,7,2.3333333333333335,0,1,1,1,0,2,8,2,1,2,4,6,4,1
18213,44,26,1099,22,10,2.3333333333333335,0,5,1,7,0,5,9,2,2,3,5,3,3,0
15202,48,23,365,2,2,3.0,0,4,1,2,0,4,2,3,4,2,3,2,2,0
3346,58,9,1145,1,0,2.0,1,9,1,4,2,1,0,2,2,2,3,0,2,0
4649,29,4,746,4,2,2.6666666666666665,0,2,1,1,0,2,3,4,3,3,3,0,1,0
5337,34,10,258,10,7,4.0,0,21,0,1,0,2,7,4,4,4,3,5,4,0
4621,27,3,1277,3,2,2.6666666666666665,0,8,3,1,0,1,2,1,3,1,4,1,4,0
6244,42,10,462,5,3,2.3333333333333335,0,14,0,7,0,2,4,3,3,2,6,0,1,0
5467,41,12,1200,6,3,3.0,1,22,2,3,2,2,2,4,4,3,4,3,1,0
7428,37,12,1189,5,3,2.6666666666666665,0,3,0,2,0,3,3,3,4,3,3,1,1,0
3691,25,7,1219,7,6,3.3333333333333335,1,4,1,1,0,1,7,4,4,3,3,5,2,1
4539,33,10,1146,10,1,2.0,0,25,1,1,0,2,7,2,3,3,3,0,1,0
5010,32,12,1093,11,7,2.0,0,6,0,1,0,2,8,2,3,3,0,5,1,0
3419,36,6,852,1,0,2.3333333333333335,1,5,1,9,0,1,1,2,1,2,3,0,4,0
2373,26,5,1449,3,2,2.3333333333333335,1,16,1,2,1,1,2,1,2,3,2,0,4,1
10435,40,18,884,18,12,2.6666666666666665,0,15,2,1,0,3,15,1,3,2,2,14,4,0
10880,39,21,945,21,8,2.6666666666666665,1,22,0,1,1,3,6,4,1,3,2,2,3,0
16885,48,27,1262,5,1,2.6666666666666665,0,1,0,2,0,4,4,1,4,4,3,2,3,0
2314,32,4,300,3,2,3.3333333333333335,0,1,1,0,0,1,0,4,4,3,2,0,2,0
4081,43,20,930,20,8,1.6666666666666667,1,6,0,1,3,2,7,1,3,2,3,1,1,0
12169,39,21,203,18,5,3.0,0,2,3,7,0,4,7,1,4,3,4,11,4,1
2926,20,1,871,1,0,3.3333333333333335,1,6,0,1,1,1,0,4,4,2,5,1,2,1
2086,39,19,895,1,0,3.6666666666666665,0,5,1,3,0,2,0,4,4,3,6,0,3,1
2585,34,2,1320,1,0,3.3333333333333335,0,20,0,0,0,1,0,3,3,4,5,0,4,0
5980,38,17,240,15,12,2.0,1,2,0,6,1,2,7,1,1,4,2,4,4,0
4779,28,8,760,8,5,1.6666666666666667,1,2,0,1,1,2,7,2,2,3,2,7,1,0
2367,28,6,1404,4,3,2.6666666666666665,0,17,1,5,0,1,1,3,4,2,2,0,1,1
5593,45,15,1050,15,12,3.0,0,9,1,1,0,2,10,2,3,2,2,4,4,0
4294,26,7,1283,7,7,2.0,0,1,0,1,0,2,7,3,1,2,2,0,2,0
5410,36,18,429,16,12,3.0,1,2,0,9,1,2,14,3,2,3,2,5,4,0
8120,48,12,817,2,2,2.6666666666666665,0,2,0,3,0,2,2,2,2,4,3,2,4,0
4522,43,8,1473,5,2,3.3333333333333335,1,8,0,4,1,2,2,3,3,3,3,0,4,0
6583,31,8,1079,5,4,3.6666666666666665,1,10,1,2,1,2,2,3,4,3,2,1,4,0
5747,34,16,735,15,11,3.0,1,22,0,1,1,2,10,3,4,2,3,6,2,0
3420,47,17,465,6,2,2.6666666666666665,0,1,1,7,0,1,5,1,4,3,2,1,3,0
5429,34,10,285,8,7,2.0,0,29,2,4,0,2,7,2,3,3,1,7,1,0
2014,35,2,890,2,2,3.0,0,2,0,1,0,1,2,4,4,3,3,2,1,0
6261,38,9,1084,7,7,3.0,0,29,1,3,0,2,7,4,4,3,3,1,1,0
1223,23,1,373,1,1,3.6666666666666665,0,1,1,1,0,1,0,4,3,3,2,0,4,0
3161,44,19,920,1,0,3.6666666666666665,1,24,1,3,3,1,0,4,3,3,0,0,4,1
3785,29,5,468,5,4,2.3333333333333335,0,28,0,1,0,1,4,4,1,2,3,0,2,0
7083,34,10,971,10,6,3.6666666666666665,1,1,0,1,1,3,9,4,3,2,3,8,4,0
5674,36,11,1105,9,8,2.3333333333333335,0,24,1,7,0,2,8,2,2,3,3,0,3,0
13577,55,34,177,33,0,3.3333333333333335,1,8,1,1,1,4,9,4,2,2,3,15,4,0
17159,43,22,589,4,0,2.0,0,14,1,6,0,4,1,2,1,3,3,1,3,0
4998,32,10,1316,8,7,3.6666666666666665,1,2,0,4,1,2,7,4,3,3,2,0,4,0
4648,32,4,1318,0,0,3.6666666666666665,0,10,0,8,0,2,0,4,4,3,2,0,3,0
6180,25,6,883,6,4,3.0,0,26,0,1,0,2,5,3,4,3,5,1,2,0
4285,37,10,674,10,7,2.0,0,13,0,1,0,2,8,1,4,3,2,3,1,0
6632,45,9,954,8,1,2.0,0,2,0,0,0,2,7,2,3,1,3,3,1,0
2799,33,6,1198,3,2,2.0,1,1,0,3,1,1,2,3,1,2,1,0,2,0
3978,31,4,471,2,2,2.0,0,4,1,8,0,1,2,1,3,4,0,2,2,0
4306,26,8,775,0,0,1.6666666666666667,0,29,2,5,0,2,0,1,3,3,5,0,1,0
7991,46,6,849,2,2,2.3333333333333335,0,26,0,8,0,2,2,2,2,2,3,2,3,0
7336,29,11,408,11,10,2.0,0,23,1,1,0,3,8,4,1,2,3,3,1,1
1232,21,0,391,0,0,3.6666666666666665,0,15,0,1,0,1,0,3,4,3,6,0,4,0
19845,52,33,266,32,9,3.0,0,2,1,1,0,5,14,1,4,1,3,6,4,1
3920,37,17,1017,3,2,1.6666666666666667,0,1,1,2,0,1,1,3,1,2,2,0,1,0
5151,39,10,867,10,9,2.0,0,9,1,1,0,2,0,1,1,3,3,7,4,0
2534,27,5,1291,1,0,3.0,0,11,1,8,0,1,0,3,4,4,4,0,2,0
6586,36,17,1425,16,11,2.6666666666666665,1,14,1,0,2,2,8,3,4,3,2,4,1,0
6567,49,16,470,15,11,2.3333333333333335,0,20,0,1,0,2,11,3,1,3,2,5,3,0
3633,45,9,248,9,8,2.6666666666666665,1,23,1,1,1,2,8,4,1,3,2,0,3,0
16704,45,21,1005,21,6,3.0,0,28,0,1,0,4,6,4,2,2,2,8,3,0
3815,34,5,878,5,0,3.6666666666666665,1,10,1,1,0,1,3,4,3,3,4,2,4,0
4788,35,4,219,3,2,3.3333333333333335,1,16,0,0,1,2,2,4,2,2,2,0,4,0
3600,33,5,147,5,4,3.0,0,2,1,1,0,1,4,2,3,3,2,1,4,0
10400,32,14,1045,14,8,3.6666666666666665,0,4,0,1,0,3,8,4,4,1,2,9,3,1
5304,30,10,501,8,7,3.6666666666666665,0,27,1,7,0,2,7,3,4,3,2,7,4,0
8621,34,9,1442,8,7,2.6666666666666665,0,9,0,1,0,3,7,4,2,2,3,7,2,0
2322,23,3,541,0,0,2.3333333333333335,0,2,1,3,0,1,0,3,1,3,3,0,3,0
5441,51,11,632,10,0,3.6666666666666665,1,21,0,0,3,2,7,3,4,3,2,1,4,0
2154,28,5,791,4,2,3.3333333333333335,1,1,0,0,2,1,2,4,3,3,2,0,3,0
5855,31,10,616,9,5,3.6666666666666665,1,12,2,0,3,2,7,4,4,3,2,8,3,0
7412,27,9,608,9,7,2.6666666666666665,0,1,0,1,0,3,7,3,1,3,3,0,4,0
4936,28,6,1169,5,4,3.3333333333333335,0,8,1,1,0,1,1,2,4,2,6,0,4,0
5154,45,10,589,8,7,2.6666666666666665,0,2,2,4,0,2,7,3,3,3,3,5,2,0
6472,39,9,792,9,8,4.0,1,1,1,1,1,2,8,4,4,3,2,5,4,0
2515,42,8,1271,2,2,3.3333333333333335,1,2,0,5,1,1,1,2,4,3,2,2,4,0
4682,33,9,508,7,1,3.0,0,10,0,3,0,2,7,2,4,2,6,0,3,0
7644,36,10,557,9,4,2.6666666666666665,0,3,2,0,0,3,7,1,4,2,2,3,3,0
5405,38,20,723,4,3,2.3333333333333335,1,2,2,2,2,2,2,2,4,1,4,0,1,0
13726,59,30,715,5,3,2.6666666666666665,1,2,0,3,1,4,3,3,4,2,4,4,1,0
6931,29,10,1247,3,2,4.0,0,20,1,2,0,2,2,4,4,3,2,0,4,0
19161,49,28,1064,5,3,3.3333333333333335,0,2,0,3,0,5,4,2,4,3,3,4,4,0
6347,50,19,145,18,13,2.6666666666666665,0,1,1,0,0,2,7,4,3,3,3,0,1,0
6349,27,6,210,5,4,3.0,1,1,1,0,1,2,4,3,2,3,0,1,4,0
2936,42,10,355,6,3,2.6666666666666665,0,10,2,3,0,1,3,3,3,3,1,3,2,0
3022,37,8,408,1,0,1.6666666666666667,0,19,0,4,0,1,0,2,2,3,1,0,1,0
3692,36,12,469,11,7,2.6666666666666665,0,3,0,1,0,1,10,3,2,3,2,0,3,0
5070,47,20,983,5,4,2.6666666666666665,0,2,3,5,0,2,0,1,4,3,2,0,3,0
13341,39,21,119,20,10,1.3333333333333333,0,15,0,0,0,4,8,2,1,3,3,11,1,0
6430,41,10,552,3,2,2.3333333333333335,0,4,1,6,0,2,2,3,2,1,4,1,2,0
7553,29,9,337,8,7,2.6666666666666665,1,14,0,0,1,3,7,3,4,3,1,7,1,1
4317,38,19,364,3,2,3.0,1,3,0,3,1,2,2,4,3,3,2,2,2,0
2370,32,8,1062,8,7,2.6666666666666665,0,2,1,1,0,1,0,3,2,3,4,0,3,0
7446,31,10,1445,10,7,2.0,0,1,0,1,0,3,8,3,2,4,2,4,1,1
3117,21,3,546,2,2,3.3333333333333335,0,5,0,1,0,1,2,3,4,3,2,2,3,0
5562,43,12,422,5,2,3.3333333333333335,0,1,1,4,0,2,2,4,4,3,2,2,2,0
3306,38,7,1495,0,0,3.6666666666666665,0,4,1,7,0,1,0,4,3,3,5,0,4,0
13269,50,19,813,14,11,2.6666666666666665,0,17,3,5,0,3,11,4,1,2,3,1,3,0
10648,31,13,1274,13,8,3.0,0,9,1,1,0,3,8,3,2,3,6,0,4,0
5813,35,10,303,10,7,3.6666666666666665,1,27,0,1,1,2,7,3,4,3,2,7,4,1
4197,37,18,1305,1,1,3.0,1,10,0,2,2,2,0,3,2,3,2,0,4,0
6214,27,8,1130,8,7,1.6666666666666667,0,8,1,1,0,2,7,2,2,3,3,0,1,0
10999,48,27,1355,15,8,2.6666666666666665,0,4,0,7,0,3,11,3,3,2,3,4,2,0
2133,38,20,1394,20,7,3.0,1,8,1,1,1,2,11,4,2,2,3,0,3,0
4374,36,4,894,3,2,3.3333333333333335,0,1,0,0,0,2,2,4,3,2,6,1,3,0
2099,27,6,1377,5,4,1.6666666666666667,0,11,0,0,0,1,0,2,1,3,3,1,2,0
2029,34,5,999,5,0,2.3333333333333335,0,26,3,1,0,1,4,1,3,2,2,0,3,0
13770,47,28,217,22,13,3.6666666666666665,1,3,2,9,2,4,2,4,3,3,2,11,4,0
2587,49,17,464,2,2,2.3333333333333335,1,16,1,4,2,1,2,4,1,3,2,2,2,0
17875,58,29,605,1,0,3.6666666666666665,1,21,1,4,2,4,0,4,4,3,2,0,3,0
3202,24,6,1448,5,4,1.6666666666666667,1,1,0,1,1,1,3,1,2,3,4,1,2,1
3180,29,4,410,3,2,3.0,0,2,3,0,0,1,2,4,2,3,3,0,3,0
6646,35,17,1017,17,8,2.6666666666666665,0,6,0,1,0,2,11,2,4,1,3,11,2,0
2368,26,5,841,5,3,2.6666666666666665,0,6,0,1,0,1,4,3,2,2,3,4,3,0
19246,58,40,286,31,8,3.3333333333333335,1,2,0,7,1,5,15,4,2,3,2,13,4,1
18061,45,22,364,0,0,2.3333333333333335,0,25,0,3,0,5,0,2,2,3,4,0,3,0
12061,38,19,849,10,1,2.0,0,25,1,3,0,3,8,1,2,2,2,0,3,0
2244,22,2,253,2,2,2.3333333333333335,0,11,1,1,0,1,1,1,2,3,1,1,4,0
2313,33,5,1017,2,2,1.6666666666666667,1,25,0,4,1,1,2,1,2,2,0,2,2,1
8412,30,10,1398,9,8,2.3333333333333335,0,22,0,0,0,3,8,3,1,3,3,7,3,0
2899,38,3,395,2,2,2.6666666666666665,0,9,1,0,0,1,2,2,2,2,3,1,4,0
2376,35,2,636,2,2,3.3333333333333335,0,4,1,1,0,1,2,4,4,2,2,2,2,0
4627,30,10,1138,9,7,2.0,0,6,1,0,0,2,2,1,4,2,6,6,1,0
4647,27,6,1410,6,4,3.3333333333333335,1,3,2,1,1,2,5,4,4,4,3,0,2,0
2647,23,5,571,5,4,3.6666666666666665,0,12,0,1,0,1,2,4,4,3,6,1,3,0
19328,46,24,734,2,2,3.3333333333333335,1,2,1,7,1,5,1,3,4,3,3,2,3,0
6811,27,9,975,7,7,2.0,0,7,0,8,0,2,6,4,1,2,2,0,1,0
3408,33,8,587,4,3,2.0,0,10,3,7,0,1,3,1,4,1,2,1,1,1
6439,48,18,492,8,7,3.0,0,16,1,8,0,2,7,3,3,3,2,7,3,0
5811,38,15,833,1,0,3.0,1,18,1,3,1,2,0,2,4,1,2,1,3,0
2553,34,6,702,5,3,3.3333333333333335,0,16,0,1,0,1,2,3,4,2,3,1,3,0
4342,27,5,829,4,1,3.0,0,8,1,0,0,2,2,3,4,3,3,1,2,0
2083,30,1,160,1,0,3.0,0,3,1,1,0,1,0,3,3,3,2,0,3,0
5368,33,7,530,6,2,3.3333333333333335,1,16,1,1,1,2,5,3,4,3,2,1,3,0
2596,28,1,1009,1,0,1.3333333333333333,0,1,2,1,0,1,0,1,2,2,2,0,1,1
1790,23,1,638,1,0,2.0,0,9,1,1,0,1,0,4,1,3,3,1,1,1
5067,47,20,1379,19,7,3.0,1,16,0,1,0,2,10,3,3,4,3,2,3,0
2075,51,10,432,4,3,3.3333333333333335,0,9,2,3,0,1,2,4,4,3,4,0,2,0
3407,35,10,750,10,8,3.0,0,28,2,1,0,2,9,2,3,4,3,6,4,0
2657,30,8,1005,5,4,2.6666666666666665,1,3,0,5,1,1,2,4,1,3,5,0,3,1
6288,38,13,471,4,2,1.6666666666666667,0,12,1,2,0,2,3,1,1,2,3,1,3,0
4031,25,6,688,2,2,1.6666666666666667,0,3,1,5,0,1,2,1,1,3,5,0,3,1
4163,47,9,955,9,7,3.6666666666666665,1,4,0,1,1,2,0,4,4,3,0,0,3,0
19665,48,29,1224,22,9,3.3333333333333335,0,10,0,4,0,5,10,4,2,2,3,12,4,0
10903,35,16,672,13,8,2.3333333333333335,0,25,0,3,0,3,10,4,2,2,2,4,1,0
2741,26,8,426,7,0,2.3333333333333335,1,17,1,0,2,1,7,2,3,3,2,1,2,1
11159,32,10,1018,7,7,3.6666666666666665,0,3,0,3,0,3,7,3,4,3,6,7,4,0
4323,35,6,528,5,4,2.6666666666666665,0,8,0,1,0,1,4,3,3,3,2,1,2,0
3646,39,11,592,1,0,1.3333333333333333,1,2,0,2,0,1,0,1,1,2,2,0,2,1
4244,40,8,791,8,7,3.0,0,2,1,1,0,2,7,3,2,4,2,3,4,0
3579,30,12,1465,11,7,2.3333333333333335,1,1,1,0,1,1,9,4,2,3,2,5,1,0
6852,40,7,107,5,3,2.0,0,10,1,7,0,2,1,2,2,2,2,1,2,0
3955,26,6,192,5,3,1.0,0,1,2,1,0,1,3,1,1,2,2,1,1,0
2610,21,3,895,3,2,2.6666666666666665,0,9,0,1,0,1,2,1,4,3,3,2,3,0
8847,36,13,913,3,2,2.3333333333333335,1,9,1,2,1,2,2,2,2,2,2,0,3,0
2144,28,5,1103,5,4,3.0,0,16,0,1,0,1,3,3,3,3,3,1,3,0
2561,28,8,289,0,0,2.3333333333333335,0,2,0,7,0,1,0,3,1,2,2,0,3,1
2679,21,1,337,1,0,2.0,0,7,0,1,0,1,0,2,2,3,3,1,2,1
3448,40,20,555,1,0,2.3333333333333335,0,2,1,6,0,2,0,2,3,2,3,0,2,0
4302,33,4,970,3,2,3.0,0,7,1,0,0,2,2,4,2,3,3,0,3,0
3968,42,8,1142,0,0,3.6666666666666665,0,8,0,4,0,1,0,4,3,3,3,0,4,0
9208,50,16,809,2,1,3.6666666666666665,0,12,0,4,0,3,2,3,4,3,3,2,4,0
9396,46,17,644,4,3,2.6666666666666665,0,1,1,7,0,3,2,4,1,3,3,0,3,0
1009,20,1,1362,1,1,3.6666666666666665,1,10,0,1,1,1,0,4,3,3,5,1,4,1
4850,45,8,374,5,1,3.3333333333333335,0,20,0,8,0,2,3,4,3,3,3,0,3,0
2335,29,4,350,2,0,2.0,1,13,3,4,1,1,2,1,1,2,3,2,4,1
5055,32,10,1018,7,7,2.6666666666666665,0,2,0,7,0,2,7,1,4,4,0,0,3,0
4717,35,15,619,11,9,2.6666666666666665,0,1,0,9,0,2,9,2,3,3,2,6,3,0
4089,42,10,622,10,2,3.0,0,2,2,1,0,2,2,3,4,3,4,2,2,0
10048,37,17,504,1,0,2.0,0,10,2,6,0,3,0,1,3,3,5,0,2,1
4448,40,15,750,7,7,1.6666666666666667,0,12,1,2,0,2,4,2,1,3,3,7,2,0
2587,56,5,1162,4,0,3.0,0,24,0,1,0,1,2,1,4,3,3,1,4,1
9547,34,10,1069,10,9,3.3333333333333335,0,2,0,1,0,2,9,4,3,2,2,1,3,0
4306,31,13,480,13,12,1.6666666666666667,0,7,1,1,0,2,10,2,1,3,5,3,2,0
19197,39,21,1218,21,6,2.6666666666666665,1,1,1,1,1,5,8,2,3,3,3,1,3,0
2972,34,1,479,1,0,2.6666666666666665,0,7,0,1,0,1,0,1,4,3,4,0,3,0
11416,30,9,153,8,7,2.0,1,8,3,0,2,3,7,2,1,4,4,1,3,0
13247,52,24,322,5,2,3.0,1,28,1,2,2,4,3,4,3,4,3,0,2,0
9434,37,10,482,10,8,3.0,0,3,1,1,0,3,7,3,3,3,2,7,3,0
5175,32,9,638,5,3,3.0,0,8,1,5,0,2,3,3,3,4,3,1,3,0
5505,33,6,392,6,4,3.6666666666666665,0,2,2,1,0,2,2,4,4,3,5,0,3,0
1904,18,0,247,0,0,3.3333333333333335,0,8,0,1,0,1,0,3,3,3,0,0,4,1
2707,33,13,465,9,7,1.0,0,2,0,7,0,1,7,1,1,3,3,1,1,1
2008,33,1,1313,1,0,2.6666666666666665,0,1,3,1,0,1,1,2,3,2,2,0,3,0
3761,30,10,1012,5,3,2.6666666666666665,0,5,1,9,0,1,4,2,4,2,3,0,2,0
7596,36,10,164,10,0,2.3333333333333335,0,2,2,1,0,3,9,2,3,2,2,9,2,0
6323,40,10,692,10,4,2.6666666666666665,0,11,1,1,0,2,9,4,3,3,2,9,1,0
2024,27,6,691,2,2,3.3333333333333335,0,9,1,6,0,1,2,4,2,3,1,2,4,0
18265,48,25,715,1,0,3.6666666666666665,0,1,0,6,0,5,0,4,4,2,3,0,3,0
4189,37,5,589,5,3,1.6666666666666667,0,9,2,1,0,2,2,2,2,2,2,0,1,0
3690,50,5,328,3,2,3.3333333333333335,0,1,1,2,0,1,2,3,3,2,2,0,4,0
2659,26,3,991,3,2,3.3333333333333335,1,6,1,1,1,1,2,3,4,3,2,0,3,0
2576,42,8,201,5,2,1.6666666666666667,0,1,1,3,0,1,2,2,1,3,5,1,2,0
5472,26,8,1066,8,3,3.3333333333333335,0,2,0,1,0,2,7,4,4,4,2,1,2,0
2889,25,2,1280,2,1,3.6666666666666665,0,7,2,1,0,1,2,4,4,2,2,2,3,0
6796,50,18,562,4,3,2.0,1,8,1,3,1,2,3,2,3,3,4,1,1,1
3617,40,3,1469,1,0,3.3333333333333335,1,9,1,8,1,1,1,4,2,3,2,0,4,0
16437,40,21,898,21,7,3.6666666666666665,1,6,0,1,1,4,7,3,4,3,2,7,4,0
7484,51,23,1456,13,8,1.6666666666666667,0,1,0,3,0,3,12,1,1,2,1,12,3,0
2216,28,10,654,7,7,2.3333333333333335,1,1,0,7,1,1,7,1,2,1,4,3,4,1
4327,40,5,1184,0,0,2.6666666666666665,0,2,3,5,0,2,0,2,2,3,2,0,4,0
4615,46,19,1003,16,7,2.0,1,8,3,8,1,2,13,4,1,2,2,1,1,0
4661,40,9,523,9,8,3.3333333333333335,0,2,0,1,0,2,8,3,4,3,4,8,3,0
6949,33,6,1069,5,4,2.3333333333333335,0,1,0,0,0,2,0,2,4,2,3,1,1,0
15427,53,31,1219,25,7,2.6666666666666665,0,2,0,2,0,4,8,1,4,2,3,3,3,0
2476,30,1,202,1,0,2.0,0,2,1,1,0,1,0,3,2,3,3,0,1,0
5473,40,9,1342,8,1,2.0,0,9,0,0,0,2,4,1,1,3,5,7,4,0
10938,39,20,505,19,8,3.3333333333333335,0,2,0,0,0,3,6,3,3,3,1,11,4,0
2867,26,8,157,7,6,2.6666666666666665,0,1,0,0,0,1,7,3,1,3,6,7,4,0
3212,52,6,1323,2,2,3.0,0,2,0,7,0,1,2,3,4,2,3,2,2,0
11031,31,13,697,11,8,3.0,0,10,1,4,0,3,7,3,3,3,2,4,3,0
5237,36,17,1299,7,7,2.6666666666666665,0,27,2,6,0,2,7,3,3,3,3,7,2,0
2610,38,4,693,4,3,3.6666666666666665,0,7,3,1,0,1,2,4,3,4,2,0,4,0
17861,42,21,495,20,10,3.3333333333333335,1,2,0,0,2,4,8,3,3,3,3,2,4,0
2844,38,7,433,7,0,3.3333333333333335,0,1,1,1,0,1,6,3,3,4,2,5,4,0
5204,39,13,1383,5,4,3.6666666666666665,0,2,2,8,0,2,4,4,4,2,2,0,3,0
2472,22,1,391,1,0,2.3333333333333335,1,7,0,1,1,1,0,4,2,3,2,0,1,1
1555,24,1,240,1,0,3.3333333333333335,0,22,1,1,0,1,0,4,3,1,2,0,3,1
16752,47,26,202,26,0,3.3333333333333335,1,2,1,1,2,4,14,3,4,3,3,3,3,0
2559,44,8,661,8,1,2.3333333333333335,1,9,0,1,1,1,7,2,1,3,0,7,4,0
10845,46,13,566,8,7,3.0,0,7,1,6,0,3,7,4,3,3,3,0,2,0
9950,34,11,988,3,2,2.0,1,23,3,9,1,3,2,2,1,3,2,0,3,1
13194,40,22,1479,1,0,2.6666666666666665,1,24,0,4,2,4,0,2,2,4,2,0,4,1
9250,30,9,1288,4,3,2.3333333333333335,0,29,1,3,0,3,2,3,2,3,3,1,2,0
7403,49,29,527,26,7,2.0,0,8,1,4,0,3,9,1,2,3,3,1,3,0
19586,55,36,685,36,13,3.3333333333333335,0,26,1,1,0,5,6,3,4,2,3,2,3,0
6696,30,9,334,6,1,2.3333333333333335,0,26,0,5,0,2,3,3,1,2,5,0,3,1
5605,40,20,1395,20,13,1.6666666666666667,0,26,1,1,0,2,7,2,2,3,2,2,1,0
2566,27,1,1450,1,1,3.3333333333333335,1,3,1,1,2,1,1,3,3,2,2,0,4,0
6220,32,10,548,10,9,2.0,0,1,2,1,0,2,4,2,2,3,3,0,2,0
10934,53,35,661,5,4,3.0,1,7,1,7,1,3,2,1,4,2,3,0,4,0
2226,27,6,1354,5,2,2.3333333333333335,0,2,1,1,0,1,3,2,2,3,3,1,3,0
6582,31,10,828,6,5,3.0,1,2,0,4,0,2,5,2,4,3,2,0,3,0
7094,36,10,325,7,7,2.6666666666666665,0,10,0,3,0,3,7,4,3,3,0,1,1,0
5440,35,7,763,2,2,3.0,1,15,2,6,2,2,2,1,4,1,2,2,4,1
5410,42,9,557,4,2,2.6666666666666665,1,18,1,6,2,2,3,4,1,3,3,1,3,0
9241,41,10,918,10,7,3.0,0,6,0,1,0,3,8,4,3,3,3,8,2,0
4286,45,5,306,1,0,2.0,0,26,2,2,0,2,1,1,1,3,4,0,4,1
6077,38,10,888,6,2,3.0,0,10,0,3,0,2,3,3,3,3,2,1,3,0
6524,32,10,379,10,3,2.6666666666666665,0,5,1,1,0,2,8,2,2,3,3,5,4,0
3702,38,5,1153,5,4,3.0,0,6,1,1,0,1,4,4,3,2,3,0,2,0
4684,26,5,572,5,2,2.6666666666666665,0,10,0,1,0,2,3,3,4,3,4,1,1,0
5993,41,8,1102,6,5,2.3333333333333335,1,1,0,8,3,2,4,2,4,3,0,0,1,1
6334,37,9,342,1,0,3.6666666666666665,0,16,2,4,0,2,0,4,3,2,2,0,4,0
7988,29,10,332,10,9,1.3333333333333333,0,17,0,1,0,3,9,2,1,2,3,0,1,0
19513,44,26,1315,2,1,3.0,1,3,1,4,0,5,2,4,4,3,2,0,1,0
8161,31,10,1079,1,0,1.6666666666666667,0,16,3,2,0,3,0,1,3,3,2,0,1,1
5381,48,23,626,1,0,2.6666666666666665,1,1,0,9,1,3,0,1,3,2,2,0,4,1
5396,32,10,929,10,8,4.0,0,10,0,1,0,2,7,4,4,3,2,0,4,0
6306,56,13,667,13,9,2.3333333333333335,0,1,1,1,0,2,12,3,3,3,2,1,1,0
10252,36,17,363,7,7,2.3333333333333335,1,1,1,2,1,3,7,3,1,1,2,7,3,0
1859,19,1,504,1,0,1.6666666666666667,1,10,0,1,0,1,1,1,2,2,2,0,2,1
4401,24,5,581,5,4,3.3333333333333335,0,9,1,1,0,1,3,3,3,4,1,0,4,0
7587,36,10,1434,10,9,1.3333333333333333,0,8,0,1,0,3,7,1,1,2,1,0,2,0
6232,25,6,1372,3,2,2.0,0,18,0,2,0,2,2,1,3,4,3,1,2,0
2804,29,1,352,1,0,3.3333333333333335,0,6,0,1,0,1,0,4,2,2,3,0,4,0
3038,36,5,132,1,0,2.6666666666666665,0,6,0,3,0,1,0,2,4,4,3,0,2,0
2297,29,2,1090,2,2,3.3333333333333335,0,10,2,1,0,1,2,4,2,3,2,2,4,0
4999,24,4,1353,3,2,1.6666666666666667,0,3,1,0,0,2,2,1,3,3,2,0,1,0
2837,32,6,267,6,1,2.6666666666666665,0,29,0,1,0,1,2,3,2,2,3,4,3,0
19431,39,21,105,6,3,3.6666666666666665,0,9,0,2,0,5,0,4,4,3,3,1,3,0
7082,41,21,1206,2,2,3.6666666666666665,1,23,0,3,1,3,0,4,3,3,2,0,4,0
19081,46,25,1450,4,3,2.3333333333333335,0,15,1,5,0,5,2,4,2,3,2,0,1,0
2119,29,7,318,7,7,2.3333333333333335,1,8,0,1,2,1,7,2,1,1,4,0,4,1
9824,31,12,534,1,0,1.6666666666666667,0,20,0,3,0,3,0,1,3,3,2,0,1,1
4591,47,11,571,5,2,3.0,1,14,1,3,2,2,4,3,3,3,4,1,3,0
4382,28,5,890,2,1,3.3333333333333335,0,2,0,6,0,1,2,3,3,3,3,2,4,1
2042,44,17,489,3,2,2.3333333333333335,0,23,1,4,0,2,2,2,2,3,3,1,3,0
2404,39,8,1122,2,2,3.0,1,6,0,7,3,1,2,4,1,3,2,2,4,1
8474,30,12,829,11,8,3.0,0,1,0,1,0,3,8,3,3,2,2,5,3,0
2267,59,7,818,2,2,3.0,0,6,0,8,0,1,2,2,3,3,2,2,4,0
2207,28,4,895,4,2,2.6666666666666665,0,15,1,1,0,1,2,1,3,3,5,2,4,0
6782,39,9,439,5,3,2.6666666666666665,0,9,0,9,0,2,4,3,2,3,2,0,3,0
3875,50,4,316,2,2,3.3333333333333335,0,8,1,7,0,1,2,4,2,3,2,2,4,0
13320,44,23,1448,12,11,3.6666666666666665,1,28,1,3,1,4,11,4,4,4,2,11,3,0
4508,33,14,827,13,8,2.0,0,29,0,1,0,2,7,1,3,2,4,3,2,1
19926,50,21,1452,5,4,2.3333333333333335,0,11,0,3,0,5,4,3,2,3,5,4,2,0
2325,19,1,602,0,0,1.6666666666666667,0,1,0,0,0,1,0,3,1,1,5,0,1,1
7406,42,10,319,10,8,3.0,1,24,1,1,2,3,9,4,1,3,5,5,4,0
9924,38,10,1245,9,7,3.0,0,14,1,0,0,2,8,3,2,3,3,7,4,0
19517,50,32,854,7,6,3.6666666666666665,0,1,1,3,0,5,0,4,4,3,3,0,3,0
2500,23,5,650,4,2,2.3333333333333335,0,9,1,1,0,1,3,2,1,3,2,0,4,0
5561,29,6,1176,6,2,2.0,0,3,1,1,0,2,0,2,3,3,5,1,1,0
3067,31,3,1154,2,2,2.3333333333333335,0,2,1,0,0,1,2,1,3,3,1,1,3,0
2496,33,7,924,1,0,3.6666666666666665,0,2,0,4,0,1,1,3,4,3,3,0,4,0
3812,29,11,574,11,10,3.3333333333333335,0,20,0,1,0,1,8,4,4,3,3,3,2,0
5869,29,8,469,5,4,3.0,0,10,0,9,0,2,2,3,3,2,2,1,3,0
3452,45,9,1316,6,3,3.0,0,29,0,5,0,1,5,3,4,3,2,0,2,0
19202,45,25,252,24,7,3.3333333333333335,0,1,1,0,0,5,0,3,4,4,2,1,3,0
5562,36,9,1302,3,2,2.0,1,6,1,3,1,2,2,1,1,4,3,0,4,0
5993,37,7,1115,7,7,2.3333333333333335,0,1,1,1,0,2,5,1,3,2,2,0,3,0
1393,32,1,1259,1,0,2.3333333333333335,0,2,0,1,0,1,0,4,2,3,2,0,1,1
3172,24,4,381,0,0,2.0,1,9,0,2,2,1,0,2,1,3,2,0,3,1
3310,28,5,1117,5,2,4.0,0,8,0,1,0,1,3,4,4,3,3,0,4,0
2307,34,5,967,5,0,2.3333333333333335,1,16,1,1,1,1,2,4,1,1,2,3,2,1
2451,29,5,598,1,0,2.3333333333333335,0,9,2,6,0,1,0,3,3,4,2,0,1,0
2177,45,6,788,6,4,1.6666666666666667,0,24,0,1,0,1,3,2,2,3,3,0,1,0
4695,30,10,879,8,7,3.0,1,9,0,7,1,2,4,3,3,3,3,1,3,0
2293,24,6,813,2,0,2.3333333333333335,1,1,1,2,2,1,0,2,4,3,2,2,1,1
2657,31,3,408,2,2,3.0,1,9,0,0,1,1,2,3,2,2,5,2,4,0
5940,54,16,1147,6,5,3.0,0,3,1,2,0,2,2,4,1,3,4,0,4,0
6502,37,7,228,5,1,3.0,0,6,1,4,0,2,4,3,4,3,5,0,2,0
1951,35,1,464,1,0,3.3333333333333335,0,4,1,1,0,1,0,3,4,3,3,0,3,0
10883,60,19,370,1,0,3.3333333333333335,0,1,1,3,0,3,0,3,4,1,2,0,3,0
2741,36,7,917,7,7,3.0,0,6,1,1,0,1,7,3,3,1,4,1,3,0
12031,39,21,722,20,6,2.3333333333333335,0,24,1,0,0,4,9,2,4,2,2,9,1,0
4193,29,10,153,9,8,3.6666666666666665,1,15,0,0,1,2,5,4,3,2,3,0,4,0
2045,27,5,1115,4,1,3.0,0,3,0,0,0,1,2,1,4,2,0,1,4,0
8740,38,9,770,8,7,2.6666666666666665,1,10,2,0,1,3,7,3,3,2,2,2,2,0
13191,42,20,458,1,0,1.6666666666666667,1,26,0,3,1,3,0,1,1,3,6,0,3,0
2670,59,12,1324,1,0,1.6666666666666667,1,3,3,4,2,1,0,3,1,4,3,0,1,0
17665,42,23,469,22,7,3.0,0,2,1,0,0,4,6,4,1,3,3,13,4,0
2377,26,1,1330,1,0,2.3333333333333335,0,21,1,1,0,1,1,1,3,3,0,0,3,1
6032,41,8,483,5,2,3.3333333333333335,1,6,0,6,1,2,4,4,2,2,3,1,4,0
4230,35,6,144,5,3,3.3333333333333335,0,22,0,0,0,1,4,4,3,1,2,4,3,0
6755,57,15,593,3,2,3.3333333333333335,0,1,0,2,0,2,2,4,3,3,2,1,3,0
6812,31,10,1062,10,8,2.0,0,24,0,1,0,2,9,3,1,2,2,1,2,0
18844,59,30,1420,3,2,3.6666666666666665,0,2,1,9,0,5,2,3,4,2,3,2,4,0
8500,34,10,943,9,6,4.0,0,9,1,0,0,3,7,4,4,3,0,1,4,0
2741,40,15,905,7,7,3.3333333333333335,1,19,1,8,0,2,2,3,4,3,2,3,3,0
7756,34,7,618,6,4,2.6666666666666665,0,3,0,0,0,2,2,1,4,3,1,0,3,0
19419,41,21,840,18,11,2.0,0,9,1,2,0,5,16,1,3,3,2,0,2,0
9582,35,9,1204,8,7,2.0,1,4,0,0,1,3,7,4,1,3,2,4,1,1
11996,35,10,1315,7,2,2.0,0,22,1,7,0,3,7,2,2,4,6,6,2,0
4601,35,5,1219,5,0,2.6666666666666665,0,18,0,1,0,2,2,3,3,3,3,1,2,0
4000,25,6,675,6,5,2.3333333333333335,0,5,2,1,0,2,3,2,1,4,2,1,4,0
6651,49,20,1495,3,2,2.0,0,5,1,2,0,2,2,1,3,3,0,1,2,0
5673,36,10,1266,10,7,2.0,1,10,1,1,1,2,9,2,3,2,4,1,1,0
2340,26,1,471,1,0,3.0,1,24,0,1,3,1,0,3,4,1,3,0,2,1
13872,58,38,682,37,8,3.3333333333333335,0,10,0,0,0,4,10,4,3,3,1,1,3,0
9981,27,7,1242,7,7,3.6666666666666665,0,20,0,1,0,2,7,4,3,3,2,0,4,0
2372,42,18,603,1,0,2.6666666666666665,1,7,0,6,1,2,0,2,2,4,2,0,4,0
6644,29,10,1210,0,0,1.6666666666666667,0,2,2,2,0,2,0,1,2,2,2,0,2,0
4227,27,4,1055,3,2,2.3333333333333335,0,2,1,0,0,2,2,1,4,3,2,2,2,0
5538,42,10,1128,0,0,2.0,0,13,2,5,0,2,0,2,1,4,2,0,3,0
2983,30,4,413,3,2,2.3333333333333335,0,7,0,0,0,1,2,4,2,3,3,1,1,0
2836,20,1,959,1,0,3.3333333333333335,0,1,0,1,0,1,0,4,2,2,0,0,4,0
3068,32,8,1005,7,6,3.6666666666666665,0,2,0,0,0,1,7,4,4,3,2,3,3,0
2625,21,2,251,2,2,2.3333333333333335,0,10,0,1,0,1,2,1,3,2,2,2,3,1
5071,27,8,793,6,0,3.3333333333333335,0,2,0,3,0,2,2,4,4,1,3,0,2,0
1878,18,0,1306,0,0,2.6666666666666665,1,5,0,1,1,1,0,2,2,3,3,0,4,1
1420,18,0,230,0,0,3.0,0,3,0,1,0,1,0,3,3,3,2,0,3,1
5209,30,11,1334,11,7,2.3333333333333335,1,4,3,1,2,2,8,3,2,2,4,2,2,0
2289,41,5,548,5,4,2.0,0,9,2,1,0,1,3,3,1,3,2,0,2,0
2909,28,5,1496,3,2,2.6666666666666665,0,1,1,3,0,1,2,1,3,3,3,1,4,1
5126,30,10,852,10,0,3.6666666666666665,1,1,2,1,2,2,8,4,4,2,1,3,3,0
1416,21,1,1334,1,0,1.6666666666666667,0,10,0,1,0,1,0,3,1,2,6,1,1,1
4834,36,9,660,1,0,2.0,0,15,1,7,0,2,0,1,3,3,3,0,2,1
8998,32,9,967,9,7,3.3333333333333335,0,8,0,1,0,3,8,2,4,3,2,3,4,0
2684,38,3,1391,2,2,2.6666666666666665,0,10,1,0,0,1,1,3,3,3,0,0,2,0
10422,32,14,801,14,7,3.3333333333333335,0,1,2,1,0,3,10,3,4,3,3,5,3,0
2379,27,6,1297,5,2,3.6666666666666665,1,5,0,0,2,1,4,4,4,3,3,0,3,0
8268,29,7,144,7,7,2.3333333333333335,1,10,2,1,1,2,7,4,2,2,2,1,1,0
2703,29,6,1328,5,4,3.0,0,2,1,0,0,1,4,3,2,3,3,0,4,0
11691,33,14,213,13,7,3.3333333333333335,0,7,0,0,0,3,9,3,3,3,3,3,4,0
19331,50,27,264,1,0,3.0,1,9,1,4,1,5,0,3,3,3,2,0,3,0
6162,32,9,427,9,8,2.3333333333333335,1,1,1,1,1,2,8,1,4,3,3,7,2,0
8321,36,15,1383,12,7,3.0,1,10,1,7,1,3,8,4,1,3,1,5,4,0
5347,36,10,1351,3,2,2.0,0,26,2,6,0,2,2,1,3,3,2,0,2,0
5605,38,8,322,8,7,1.6666666666666667,1,7,1,1,1,2,0,1,1,4,3,7,3,0
13695,55,24,267,19,8,2.3333333333333335,1,13,0,6,2,4,7,1,3,4,2,3,3,1
3204,30,8,201,3,2,3.0,0,5,1,5,0,1,2,4,1,3,3,2,4,0
16792,45,22,1195,20,8,3.0,0,2,1,9,0,4,8,1,4,2,1,11,4,0
3034,37,18,1107,18,17,2.6666666666666665,0,14,1,1,0,1,7,4,1,3,2,12,3,0
5482,51,13,1302,4,2,3.3333333333333335,0,2,1,5,0,2,1,4,2,1,3,1,4,0
4115,30,8,1329,4,3,2.3333333333333335,0,29,3,8,0,2,3,3,1,3,3,0,3,0
7639,29,10,121,10,9,3.3333333333333335,0,27,3,1,0,3,4,2,4,3,3,1,4,1
4078,32,4,499,3,2,2.0,1,2,3,0,2,2,2,3,2,3,3,1,1,0
3902,39,7,835,2,2,3.3333333333333335,0,19,3,8,0,2,2,4,4,3,2,2,2,0
2996,37,8,1439,6,3,3.3333333333333335,1,4,0,7,1,1,4,3,3,3,2,1,4,0
4678,36,8,188,6,1,3.0,0,7,0,2,0,1,2,2,4,3,6,0,3,0
13582,38,15,1333,15,11,2.3333333333333335,0,1,1,1,0,3,12,4,1,3,3,5,2,0
5486,48,15,1221,2,2,1.6666666666666667,0,7,3,4,0,2,2,3,1,3,3,2,1,0
4364,26,5,575,2,0,2.0,0,1,1,3,0,1,2,1,4,1,2,2,1,0
2756,33,8,931,8,6,3.3333333333333335,0,14,1,1,0,1,7,4,2,3,5,1,4,0
9439,57,12,334,5,4,3.0,1,24,1,3,3,3,3,3,4,4,2,1,2,0
2440,38,4,148,4,3,2.6666666666666665,0,2,0,1,0,1,3,4,2,2,3,3,2,0
16799,42,21,1147,20,9,2.3333333333333335,0,10,1,0,0,4,7,3,1,3,5,0,3,0
9699,36,16,541,13,12,2.0,0,3,1,4,0,3,9,1,4,2,2,1,1,0
19847,51,31,237,29,10,2.3333333333333335,1,9,1,4,2,5,10,4,2,3,5,11,1,0
5210,45,24,1249,24,11,1.0,0,7,1,1,0,3,9,1,1,3,2,9,1,0
2809,40,8,1322,2,2,3.3333333333333335,0,2,0,2,0,1,2,3,3,2,2,2,4,0
5346,43,7,1372,4,3,2.0,0,9,0,8,0,2,3,1,3,1,2,1,2,1
4014,35,4,1142,2,2,2.3333333333333335,1,23,1,3,1,1,2,3,1,3,3,2,3,0
2875,26,8,583,8,2,3.0,1,4,0,1,2,1,5,3,4,3,2,2,2,0
5238,31,9,163,5,4,4.0,0,24,0,2,0,2,4,4,4,3,3,1,4,0
13744,37,16,161,16,8,2.6666666666666665,1,10,1,1,1,3,11,3,4,4,2,6,1,0
6125,34,10,507,10,6,2.6666666666666665,0,15,0,1,0,2,8,3,1,3,6,9,4,0
14814,53,32,970,5,3,3.0,0,7,0,3,0,4,1,3,3,4,3,1,3,0
19833,40,21,611,21,8,2.0,0,7,0,1,0,5,8,2,2,3,3,12,2,0
12936,47,25,1093,23,10,3.0,0,9,0,7,0,4,5,3,3,1,3,14,3,1
4736,30,4,641,2,2,3.0,1,25,1,7,0,2,2,4,3,3,2,2,2,0
2329,31,13,154,7,2,2.3333333333333335,0,7,0,3,0,1,7,2,3,2,2,5,2,0
16856,52,34,621,34,16,1.6666666666666667,0,3,0,1,0,4,6,3,1,2,3,1,1,0
6397,26,6,1479,6,4,2.0,0,1,1,1,0,2,5,3,2,3,6,1,1,0
5743,44,14,602,10,2,2.6666666666666665,1,1,0,4,1,2,7,1,4,3,3,0,3,0
10761,45,18,930,5,2,2.6666666666666665,1,9,1,4,1,3,4,4,1,3,2,0,3,0
2600,20,1,1097,1,0,2.0,1,11,0,1,1,1,0,4,1,2,2,0,1,1
2713,28,5,440,5,2,3.3333333333333335,0,21,1,1,0,1,2,3,4,3,2,0,3,0
6120,39,8,1498,5,4,3.0,1,21,2,3,0,2,4,1,4,2,2,1,4,0
5768,37,9,671,4,2,2.3333333333333335,0,19,3,3,0,2,3,3,3,3,2,0,1,0
5476,31,10,1112,10,2,2.0,0,5,2,1,0,2,0,1,4,3,2,0,1,0
4381,34,6,121,6,3,2.3333333333333335,0,2,0,1,0,1,5,3,1,2,3,1,3,0
6447,37,8,446,6,3,2.0,0,1,1,6,0,2,5,2,2,3,2,4,2,0
2080,28,5,640,3,2,2.3333333333333335,0,1,0,2,0,1,2,4,1,3,2,1,2,0
4821,31,6,691,5,3,3.3333333333333335,1,5,1,0,1,1,2,3,4,3,4,0,3,0
16880,50,25,1322,3,2,2.3333333333333335,1,28,0,4,1,4,2,4,1,3,2,1,2,0
2437,43,6,807,1,0,3.3333333333333335,1,17,1,9,1,1,0,3,3,2,4,0,4,1
3041,27,5,1420,4,2,2.0,0,2,1,0,0,1,3,3,1,3,3,0,2,1
5006,45,9,1268,5,3,1.6666666666666667,1,4,1,4,0,2,4,3,1,3,3,0,1,0
17328,54,23,142,5,4,3.6666666666666665,1,26,0,2,1,4,3,4,4,4,3,4,3,0
2660,35,5,1490,2,2,3.3333333333333335,1,11,1,7,1,1,2,4,3,3,3,2,3,0
7264,30,10,231,8,7,2.3333333333333335,0,8,1,5,0,3,4,3,3,3,2,7,1,0
2814,22,4,457,4,3,2.3333333333333335,1,26,0,1,2,1,2,2,3,2,2,1,2,0
19636,55,35,189,10,4,2.0,1,26,1,4,1,5,9,3,2,4,0,1,1,0
6854,54,14,431,7,7,3.3333333333333335,0,7,1,4,0,2,1,4,4,3,2,1,2,0
4345,31,6,979,5,4,3.3333333333333335,0,1,1,0,0,2,4,3,3,1,2,1,4,0
2044,20,2,500,2,2,3.3333333333333335,0,2,0,1,0,1,2,3,3,2,3,0,4,1
5130,49,10,279,10,7,3.0,0,8,1,1,0,2,7,3,2,2,3,1,4,0
4449,37,15,1063,13,7,2.0,1,25,2,3,1,2,11,2,3,3,2,10,1,0
3977,25,7,977,2,2,3.3333333333333335,1,2,1,6,2,1,2,4,3,3,2,0,3,0
4723,29,10,1370,10,5,2.3333333333333335,1,3,0,1,1,1,9,2,1,3,3,1,4,0
2856,28,1,1172,1,0,2.6666666666666665,0,3,1,1,0,1,0,2,2,3,3,0,4,0
2451,41,13,465,9,8,1.6666666666666667,0,14,1,4,0,1,8,1,3,3,2,1,1,0
6932,31,9,1188,9,0,3.6666666666666665,0,20,1,1,0,2,8,4,3,3,2,0,4,0
5301,30,4,1358,2,2,3.3333333333333335,0,16,2,8,0,2,1,4,3,3,2,2,3,0
2153,36,8,635,8,7,2.3333333333333335,0,18,0,1,0,1,1,2,4,3,2,1,1,0
17779,54,36,685,10,9,3.0,0,3,0,3,0,4,9,4,4,3,2,0,1,0
7351,38,10,130,1,0,3.0,0,2,0,7,0,3,0,4,2,3,2,0,3,0
6553,38,14,1261,1,0,3.0,0,2,0,9,0,2,0,4,3,3,3,0,2,0
9526,38,10,216,9,8,3.0,0,23,0,0,0,3,7,4,3,2,2,1,2,0
3196,28,6,1179,6,3,2.6666666666666665,0,19,3,1,0,1,5,4,1,2,2,3,3,0
9725,34,16,216,15,9,3.3333333333333335,0,1,1,0,0,2,1,2,4,4,2,0,4,0
6653,36,7,845,1,0,3.3333333333333335,0,1,0,4,0,2,0,4,4,3,6,0,2,0
2439,29,1,459,1,0,3.3333333333333335,1,24,0,1,2,1,0,4,4,2,3,1,2,1
4869,54,20,928,4,3,3.6666666666666665,0,20,0,3,0,2,3,4,3,3,4,0,4,0
3688,36,4,566,1,0,3.6666666666666665,0,18,2,4,0,1,0,3,4,4,2,0,4,0
6652,36,8,1120,6,0,2.3333333333333335,0,11,1,4,0,2,3,2,4,2,2,0,1,0
4087,32,9,1200,6,2,2.3333333333333335,0,1,1,4,0,2,5,4,1,3,3,1,2,0
5405,60,10,1179,2,2,2.0,0,16,0,8,0,2,2,1,1,3,1,2,4,0
3143,33,14,867,10,6,2.3333333333333335,0,8,1,6,0,1,8,4,1,4,1,7,2,0
4735,38,19,1189,13,9,4.0,0,1,2,7,0,2,11,4,4,3,4,2,4,0
2168,29,6,942,5,3,2.3333333333333335,1,15,1,0,2,1,4,2,4,1,2,1,1,0
8381,53,18,238,14,10,3.0,0,1,0,7,0,2,7,4,1,3,2,8,4,0
5415,55,12,147,10,8,3.3333333333333335,1,20,1,3,1,2,7,2,4,3,4,0,4,0
10496,50,20,1046,4,3,4.0,0,10,0,6,0,3,3,4,4,2,2,1,4,0
2269,35,1,1229,1,1,4.0,0,8,0,1,0,1,0,4,4,4,2,0,4,0
7314,46,14,1254,8,7,2.6666666666666665,0,10,3,5,0,3,7,3,2,3,2,0,3,1
3989,23,5,1320,5,2,2.6666666666666665,1,8,0,1,1,1,4,4,3,2,2,1,1,1
13549,54,16,1217,4,3,1.6666666666666667,0,2,1,9,0,3,3,1,3,3,5,0,1,0
2413,25,1,867,1,0,2.6666666666666665,1,19,3,1,1,1,0,3,2,2,2,0,3,1
2070,28,5,1158,5,4,4.0,0,9,1,1,0,1,2,4,4,3,3,0,4,0
7260,56,37,1400,6,2,3.0,0,7,0,4,0,3,4,4,4,1,3,0,1,0
2936,44,6,1097,6,2,3.0,1,10,0,1,1,1,4,3,3,3,4,0,3,1
6434,45,9,1199,3,2,2.6666666666666665,0,7,1,4,0,2,2,1,3,4,1,0,4,0
5666,38,6,152,5,3,3.0,1,10,0,1,1,2,3,3,4,3,1,1,2,0
2367,48,10,1108,8,6,2.6666666666666665,0,15,1,8,0,1,2,3,1,3,3,7,4,0
7104,33,6,1216,5,2,3.3333333333333335,0,8,0,0,0,2,0,3,3,3,3,1,4,0
10475,40,20,580,18,12,2.6666666666666665,1,5,1,5,1,3,13,4,1,2,2,1,3,0
6673,38,17,1180,1,0,1.6666666666666667,1,29,0,7,1,2,0,2,1,3,2,0,2,1
8938,41,14,930,5,4,2.6666666666666665,0,3,1,2,0,2,4,3,2,2,5,0,3,0
3069,39,11,170,10,7,3.3333333333333335,0,3,1,0,0,2,8,3,3,2,3,0,4,0
6151,41,19,256,19,9,2.0,0,10,0,1,0,2,2,3,2,1,4,11,1,0
17444,33,10,722,10,0,3.6666666666666665,0,17,0,1,0,4,8,4,3,3,2,6,4,0
2886,24,6,1287,6,2,2.6666666666666665,1,7,1,1,1,1,3,1,3,3,4,1,4,1
7861,38,10,168,1,0,3.3333333333333335,1,1,0,4,0,3,0,3,3,3,4,0,4,0
2342,36,6,1278,5,3,1.6666666666666667,0,8,0,0,0,1,4,1,1,2,3,0,3,0
7918,29,11,1413,11,1,3.3333333333333335,0,1,1,1,0,3,10,2,4,3,5,4,4,0
3452,33,5,461,3,2,2.3333333333333335,0,13,0,3,0,1,2,2,4,3,4,0,1,0
11935,29,10,986,10,7,2.6666666666666665,0,3,0,1,0,3,2,2,3,2,2,0,3,0
2073,37,7,807,3,2,2.6666666666666665,1,6,0,4,1,1,2,3,1,3,3,0,4,1
11510,38,12,343,11,9,3.0,1,15,1,0,1,3,10,3,4,2,3,2,2,0
10748,45,25,1238,23,4,3.3333333333333335,0,1,1,3,0,3,15,3,3,2,3,14,4,0
2694,24,1,1092,1,0,2.6666666666666665,0,9,3,1,0,1,0,3,2,2,4,0,3,0
2519,36,16,938,11,9,3.0,0,2,0,4,0,1,8,3,3,3,6,3,3,0
4011,24,5,673,4,3,2.6666666666666665,0,11,1,0,0,2,2,1,3,4,5,1,4,0
10685,35,17,607,17,15,3.0,1,9,1,1,1,3,14,4,3,2,2,5,2,0
13826,52,31,890,9,0,3.3333333333333335,0,25,0,3,0,4,8,3,4,2,3,0,3,0
5485,54,9,376,5,4,2.3333333333333335,1,19,2,9,1,2,3,4,1,3,4,1,2,0
9724,45,25,1339,1,0,2.0,0,7,1,2,0,3,0,2,1,3,2,0,3,0
5377,39,10,1387,7,7,2.3333333333333335,0,10,3,2,0,2,7,2,1,3,3,7,4,0
4805,45,9,561,8,7,2.6666666666666665,0,2,1,0,0,2,7,4,2,3,3,3,2,0
2022,35,10,130,10,8,2.3333333333333335,1,25,1,1,2,1,2,4,2,3,3,7,1,1
17068,39,21,117,21,10,2.6666666666666665,1,10,0,1,1,4,9,3,1,3,3,11,4,0
3622,34,6,254,6,3,3.3333333333333335,1,1,1,1,1,1,5,2,4,2,3,1,4,0
8865,45,23,1052,19,8,4.0,0,6,0,6,0,3,7,4,4,2,2,12,4,0
2187,25,6,309,2,2,2.6666666666666665,0,2,0,4,0,1,0,3,2,3,3,1,3,0
13603,37,15,728,5,2,2.0,1,1,2,2,1,3,2,1,4,3,2,0,1,0
2398,22,1,1294,1,0,2.3333333333333335,1,8,0,1,1,1,0,3,1,3,6,0,3,1
5769,45,10,1015,10,4,1.6666666666666667,1,5,0,1,1,2,7,3,1,1,3,1,1,0
10124,42,24,288,20,9,3.6666666666666665,1,2,1,2,3,3,8,4,4,3,3,13,3,0
2311,34,9,629,3,2,3.3333333333333335,0,27,0,2,0,1,2,4,2,3,3,1,4,0
5121,34,7,167,0,0,2.0,0,8,1,3,0,2,0,2,1,3,3,0,3,0
15379,49,23,809,8,0,2.3333333333333335,0,1,0,4,0,4,7,3,3,3,2,0,1,0
10096,36,17,1223,17,8,2.6666666666666665,0,8,3,1,0,3,14,3,3,3,2,12,2,0
2340,29,6,665,6,5,2.6666666666666665,0,15,0,1,0,1,5,3,4,3,1,1,1,0
2539,27,4,199,4,2,3.3333333333333335,0,6,1,1,0,1,2,4,3,2,0,2,3,0
3886,36,10,1213,10,8,3.3333333333333335,0,2,0,1,0,2,1,2,4,2,2,0,4,0
2404,35,1,660,1,0,2.6666666666666665,0,7,1,1,0,1,0,4,3,3,3,0,1,0
2258,43,8,313,3,2,3.0,0,21,1,7,0,1,2,4,4,3,1,1,1,0
2450,35,3,992,3,2,2.3333333333333335,0,1,0,1,0,1,0,4,1,2,3,1,2,0
7525,53,30,124,15,12,2.0,0,2,1,2,0,3,7,3,2,2,2,6,1,0
5460,31,13,525,7,7,3.0,0,6,2,4,0,2,7,1,4,4,4,5,4,0
14411,50,32,333,32,9,3.6666666666666665,1,22,0,1,1,4,6,3,4,1,2,13,4,0
3229,25,7,949,3,2,2.3333333333333335,0,1,1,4,0,1,2,1,4,3,2,0,2,0
9991,39,9,613,7,7,2.0,0,6,1,4,0,3,7,4,1,2,5,1,1,0
11994,34,13,419,12,11,2.0,0,7,0,0,0,3,6,1,2,3,4,2,3,0
10221,35,17,950,8,6,2.6666666666666665,0,7,0,3,0,3,5,3,3,3,3,1,2,0
3033,20,2,805,2,2,1.6666666666666667,0,3,0,1,0,1,2,1,3,2,2,1,1,0
3468,27,6,591,2,2,2.3333333333333335,0,2,1,9,0,1,2,1,2,3,3,2,4,0
4478,27,5,1377,5,4,2.6666666666666665,1,2,0,1,1,2,4,4,3,3,3,0,1,0
17099,52,26,1053,9,8,3.3333333333333335,0,1,1,2,0,4,8,4,4,3,2,7,2,0
2743,32,2,116,2,2,2.6666666666666665,0,13,1,1,0,1,2,3,2,2,2,2,3,0
17046,50,28,1099,27,7,2.3333333333333335,0,29,1,0,0,4,10,2,3,2,2,15,2,0
18665,49,22,636,3,2,2.6666666666666665,1,10,0,9,1,5,2,3,1,3,4,1,4,0
2795,32,1,374,1,1,2.6666666666666665,1,25,0,1,3,1,0,1,4,3,2,0,3,1
4444,34,15,135,11,10,2.6666666666666665,0,19,2,4,0,2,8,3,2,3,2,5,3,0
2835,36,7,922,1,0,2.0,0,3,1,5,0,1,0,1,4,3,2,0,1,0
10445,52,18,994,8,0,2.6666666666666665,0,7,0,7,0,3,6,2,2,3,4,4,4,0
2720,30,6,1427,5,2,3.3333333333333335,0,2,0,0,0,1,3,2,4,2,3,1,4,0
16291,58,37,350,16,14,2.6666666666666665,0,2,1,4,0,4,9,2,2,3,0,14,4,0
18430,42,24,570,24,9,2.6666666666666665,0,8,1,1,0,5,7,2,4,3,4,14,2,0
4507,49,8,1313,5,4,3.6666666666666665,0,11,0,3,0,2,1,4,4,3,1,0,3,0
10798,43,18,415,1,0,3.3333333333333335,0,25,1,5,0,3,0,3,4,2,5,0,3,0
2345,40,8,896,3,2,3.0,0,2,1,2,0,1,1,3,3,3,3,1,3,0
19045,55,37,452,36,13,2.6666666666666665,1,1,0,0,1,5,10,4,1,3,2,4,3,0
2794,32,5,1311,5,3,2.3333333333333335,0,7,0,1,0,1,1,2,2,4,3,0,3,0
16756,55,31,444,9,2,2.0,0,2,0,7,0,4,7,3,1,2,3,6,2,0
2695,31,3,192,2,2,3.0,1,2,1,0,3,1,2,3,4,3,2,2,2,0
4876,43,8,990,6,2,3.0,0,27,1,5,0,1,4,4,2,4,0,0,3,0
6687,34,14,404,14,11,3.6666666666666665,0,2,0,1,0,2,11,3,4,3,2,4,4,0
2342,40,5,804,4,3,4.0,1,2,0,0,2,1,2,4,4,2,2,2,4,0
4332,42,20,335,20,7,3.6666666666666665,0,23,0,1,0,2,9,4,3,2,2,3,4,0
4877,28,6,580,5,0,1.6666666666666667,0,27,1,0,0,2,3,2,1,1,5,0,2,0
5094,40,10,720,1,0,2.6666666666666665,0,16,0,6,0,2,0,1,3,2,6,0,4,0
2559,35,6,1343,6,1,2.6666666666666665,0,27,0,1,0,1,5,3,1,2,3,1,4,0
4883,32,10,1089,10,1,2.6666666666666665,0,7,1,1,0,2,4,4,3,3,3,1,1,1
4325,34,5,1153,5,3,2.0,0,1,0,1,0,2,2,1,2,3,2,1,3,0
2074,35,1,104,1,0,2.0,1,2,1,1,1,1,0,1,1,3,2,0,4,1
2783,20,2,1141,2,2,2.3333333333333335,0,2,0,1,0,1,2,3,3,3,3,2,1,0
16555,52,31,1490,5,4,4.0,0,4,0,2,0,4,2,4,4,3,2,1,4,0
4789,49,10,271,3,2,1.6666666666666667,0,3,1,4,0,2,2,3,1,2,3,1,1,0
3162,44,7,981,5,3,3.3333333333333335,0,5,0,3,0,1,2,3,3,2,5,0,4,0
5079,36,12,1229,7,7,3.0,0,8,2,4,0,2,7,1,4,3,3,0,4,0
3312,32,6,634,3,2,3.3333333333333335,0,5,2,3,0,1,2,2,4,4,3,0,4,0
3375,22,4,581,3,2,3.6666666666666665,0,1,0,0,0,1,2,4,3,3,2,1,4,0
5731,37,9,367,6,3,3.3333333333333335,0,25,2,7,0,2,2,3,4,2,2,1,3,0
2564,30,12,1116,11,7,3.3333333333333335,0,2,0,0,0,1,7,3,4,3,2,6,3,0
5207,33,15,589,15,7,2.3333333333333335,1,28,1,1,1,2,14,2,3,3,3,5,2,0
4393,41,14,337,5,4,2.6666666666666665,0,8,1,5,0,2,4,3,2,3,3,1,3,0
13570,41,21,582,20,10,2.0,0,28,1,0,0,4,7,1,2,2,3,0,3,0
3291,29,8,490,7,1,3.3333333333333335,0,10,2,0,0,1,5,4,2,3,2,1,4,0
4936,51,18,1178,7,7,3.3333333333333335,0,14,1,4,0,2,7,3,4,3,2,0,3,0
10448,53,15,1168,2,2,1.3333333333333333,1,24,0,6,2,3,2,1,1,3,2,2,2,1
4765,43,4,177,1,0,2.0,0,8,1,4,0,2,0,1,2,3,2,0,3,0
1091,29,1,746,1,0,2.6666666666666665,0,24,0,1,0,1,0,3,1,4,3,0,4,1
5309,32,10,430,10,7,3.0,0,24,2,1,0,2,8,1,4,3,2,4,4,0
3441,28,2,1434,2,2,3.0,1,5,0,1,2,1,2,3,3,3,3,2,3,1
2394,27,8,135,8,7,3.6666666666666665,1,17,0,1,1,1,2,4,3,3,2,7,4,1
8789,35,10,944,10,8,2.3333333333333335,0,1,0,1,0,3,7,3,3,3,3,0,1,0
6062,42,8,932,4,2,4.0,1,1,1,9,1,2,3,4,4,2,4,0,4,0
11631,34,14,1354,11,8,2.6666666666666665,0,5,0,2,0,3,10,3,1,2,6,5,4,0
4194,25,5,141,5,3,2.6666666666666665,1,3,0,1,1,2,3,3,1,3,3,0,4,0
2661,34,3,1346,2,2,3.0,0,19,1,0,0,1,2,2,4,3,2,1,3,0
2187,27,6,798,5,3,2.3333333333333335,0,6,2,0,0,1,3,1,3,2,5,0,3,0
5346,34,11,234,7,7,2.6666666666666665,0,9,1,4,0,2,1,4,1,3,3,0,3,1
2436,33,8,813,5,4,3.3333333333333335,1,14,1,5,3,1,4,3,4,3,2,0,3,1
4066,27,7,1302,7,7,2.0,0,19,2,1,0,1,7,4,1,2,3,0,1,0
2258,35,10,982,8,7,3.0,0,1,1,6,0,1,0,4,3,2,2,1,2,0
7295,35,10,662,10,6,2.0,0,1,2,1,0,3,8,3,2,3,3,0,1,0
2073,23,4,977,2,2,3.6666666666666665,0,10,1,2,0,1,2,4,3,4,2,2,4,0
7441,45,10,538,10,7,1.3333333333333333,0,1,3,1,0,3,8,1,2,3,4,7,1,0
3479,31,6,307,5,4,2.3333333333333335,0,29,0,0,0,1,4,3,2,2,2,1,2,1
11957,47,14,1162,13,12,2.0,0,1,2,0,0,3,8,3,2,3,3,5,1,0
16872,46,28,488,7,7,2.3333333333333335,1,2,1,3,2,4,7,3,2,1,2,7,2,0
6545,42,10,916,3,2,2.6666666666666665,1,17,0,3,1,2,2,4,1,4,1,0,3,0
4614,35,5,662,4,2,3.3333333333333335,1,18,1,0,2,2,2,4,3,3,0,3,3,1
16659,55,30,1311,5,2,3.3333333333333335,1,2,0,2,1,4,4,3,4,3,2,1,3,0
4490,34,14,648,10,8,3.0,0,11,2,4,0,2,9,3,2,2,5,1,4,0
13245,45,17,193,0,0,2.3333333333333335,1,6,0,4,0,3,0,4,1,3,3,0,2,0
6667,32,9,1146,5,2,3.0,0,15,1,5,0,2,1,3,4,3,6,1,2,0
14026,51,33,770,33,10,2.3333333333333335,1,5,1,1,1,4,9,3,2,3,2,0,2,0
2097,30,9,1400,5,4,3.3333333333333335,0,3,1,4,0,1,3,3,4,3,3,1,3,0
7642,37,10,1252,10,9,2.3333333333333335,1,19,0,1,1,3,0,1,2,3,2,0,4,0
4033,34,5,1003,3,2,3.6666666666666665,0,2,0,2,0,2,2,4,3,3,3,0,4,0
4440,54,9,157,5,4,2.6666666666666665,1,10,0,6,1,2,2,3,1,3,3,1,4,0
4284,49,20,1475,4,3,1.0,0,28,0,3,0,2,3,1,1,2,2,1,1,1
2703,28,3,773,3,2,3.3333333333333335,1,6,1,1,1,1,1,3,3,2,2,0,4,0
4198,38,8,437,3,2,2.0,0,16,0,2,0,2,2,2,2,3,5,1,2,0
2293,26,1,1357,1,1,2.3333333333333335,0,25,0,1,0,1,0,1,3,1,2,0,3,1
2570,26,7,786,7,7,3.6666666666666665,0,7,0,1,0,1,7,4,4,3,5,5,3,0
4084,31,7,561,7,7,2.6666666666666665,0,3,0,1,0,1,2,4,3,3,2,7,1,1
11244,32,10,495,5,0,3.0,0,10,0,2,0,3,2,3,4,3,5,0,2,0
5715,40,8,759,5,3,3.0,0,2,2,7,0,2,4,4,2,3,5,1,3,0
2372,58,2,848,2,2,2.6666666666666665,0,23,2,1,0,1,2,1,3,3,3,2,4,0
15992,42,16,810,1,0,2.3333333333333335,0,23,0,2,0,4,0,1,4,3,2,0,2,0
2742,34,2,1107,2,2,2.6666666666666665,0,9,0,1,0,1,2,1,3,3,0,2,4,1
10855,40,15,630,12,11,2.6666666666666665,0,4,1,7,0,3,11,3,4,2,2,2,1,0
6029,34,6,511,2,2,3.0,0,3,0,5,0,2,2,4,4,1,3,2,1,0
2706,28,3,280,3,2,3.0,0,1,1,1,0,1,2,3,4,3,2,2,2,0
13503,40,22,530,22,11,3.0,0,1,1,1,0,4,3,3,2,2,3,11,4,0
5228,32,13,588,13,9,3.0,1,8,0,1,1,2,12,3,2,2,2,11,4,0
15402,48,21,1236,3,2,2.0,0,1,1,7,0,4,2,4,1,2,3,0,1,0
4639,36,17,607,15,13,2.0,0,7,1,2,0,2,7,1,1,4,2,6,4,0
5265,42,11,926,5,2,2.6666666666666665,0,21,1,2,0,2,3,3,3,3,5,0,2,0
2380,58,3,781,1,0,4.0,1,2,1,9,2,1,0,4,4,2,3,0,4,1
6538,34,6,1381,3,2,2.3333333333333335,0,4,1,9,0,2,2,3,3,3,3,1,1,0
3986,34,15,1157,15,13,3.0,0,5,1,1,0,2,10,2,4,2,3,4,3,0
2782,41,12,642,5,0,3.0,0,1,1,3,0,1,3,4,4,3,3,1,1,0
3506,35,4,735,3,2,3.3333333333333335,1,6,0,0,1,1,2,3,3,3,3,2,4,0
5775,30,11,1275,10,9,4.0,0,28,2,1,0,2,8,4,4,3,2,1,4,0
3578,26,8,652,7,7,2.6666666666666665,0,7,0,0,0,1,7,3,1,4,2,0,4,0
2514,29,11,1107,7,7,2.6666666666666665,0,28,1,4,0,1,5,3,4,3,1,1,1,0
3376,41,10,509,10,8,2.6666666666666665,0,7,0,1,0,1,6,2,3,4,3,0,3,0
2662,55,19,836,5,4,2.6666666666666665,0,2,1,8,0,1,2,2,4,2,2,0,2,0
19406,54,24,821,4,2,1.6666666666666667,0,5,1,4,0,5,2,1,1,3,4,1,3,0
12742,39,21,466,21,8,3.6666666666666665,0,1,1,1,0,4,6,4,4,2,3,11,3,0
3722,31,7,523,2,2,3.0,1,2,1,6,3,1,2,2,4,3,2,2,3,1
7879,44,9,921,8,7,3.0,1,2,1,1,1,3,7,3,4,4,2,6,2,0
10325,36,16,530,16,7,2.6666666666666665,1,3,1,1,1,3,7,3,4,2,6,3,1,1
3131,29,10,1401,10,8,2.3333333333333335,0,6,1,1,0,1,8,2,4,3,5,0,1,0
8189,41,12,802,9,7,3.0,1,9,1,3,1,3,7,3,3,3,2,0,3,0
5577,52,18,956,10,9,2.3333333333333335,1,6,2,3,1,2,9,4,1,3,3,6,2,0
2028,28,6,103,4,3,2.6666666666666665,1,24,0,5,1,1,2,3,3,2,4,0,2,1
2018,40,15,676,5,0,2.3333333333333335,0,9,0,3,0,1,4,4,1,3,3,1,2,1
7637,59,28,1435,21,9,2.0,0,25,0,7,0,3,16,1,1,3,3,7,4,0
2654,45,8,192,2,2,3.0,0,10,2,3,0,1,2,1,4,3,3,0,4,0
2306,53,13,1436,7,5,3.0,1,6,1,2,3,2,7,2,3,3,3,4,4,0
10096,46,28,377,7,3,2.0,0,9,1,4,0,3,7,1,4,3,1,4,1,1
2213,40,10,1171,7,7,3.3333333333333335,1,10,1,3,1,1,7,4,3,4,3,1,3,0
16422,31,9,182,3,0,2.0,0,8,0,3,0,4,2,1,2,3,3,1,3,0
13525,42,23,555,20,8,3.0,0,26,1,5,0,4,4,3,2,3,2,4,4,0
5220,60,12,696,11,9,2.6666666666666665,1,7,1,0,1,2,7,2,4,4,3,1,2,0
7457,40,6,1124,4,2,3.0,1,1,3,2,2,2,3,2,4,1,2,0,3,0
1483,19,1,1181,1,0,2.6666666666666665,0,3,0,1,0,1,0,2,2,3,3,0,4,0
2886,26,3,1349,3,2,2.3333333333333335,0,23,2,1,0,1,2,1,4,3,3,0,2,0
4447,45,9,805,9,8,2.3333333333333335,0,4,0,1,0,2,7,3,2,3,5,0,2,0
3221,50,20,1207,20,8,3.3333333333333335,1,28,3,1,1,1,8,4,3,4,3,3,3,0
5765,29,7,115,5,0,1.3333333333333333,0,13,0,5,0,2,3,1,2,3,4,0,1,1
5661,28,9,1476,8,7,2.0,0,16,0,0,0,2,3,2,1,4,2,0,3,0
4422,40,16,902,1,0,3.6666666666666665,1,26,1,3,3,2,1,3,4,2,3,0,4,0
2332,32,5,1184,3,2,2.6666666666666665,0,1,0,6,0,1,0,3,2,2,3,0,3,0
11904,59,14,1089,6,4,3.0,1,1,1,3,3,3,4,2,4,3,1,0,3,0
9679,32,8,1373,1,0,3.3333333333333335,0,5,0,8,0,2,0,4,4,2,1,0,2,0
8396,40,8,300,7,5,2.0,0,26,1,1,0,2,7,3,1,3,3,7,2,0
3055,33,11,775,9,7,3.3333333333333335,0,4,2,5,0,2,8,4,2,3,2,1,4,0
9980,36,10,635,10,7,3.3333333333333335,0,10,0,1,0,3,3,2,4,3,3,9,4,0
2552,19,1,645,1,0,2.3333333333333335,0,9,0,1,0,1,1,3,1,3,4,0,3,0
3936,37,8,1470,8,7,1.6666666666666667,0,10,1,1,0,1,4,2,2,3,2,7,1,0
17123,39,21,412,19,2,3.0,1,13,2,6,1,4,9,3,2,2,4,15,4,0
11878,33,12,553,10,8,2.6666666666666665,0,5,2,6,0,3,6,4,2,3,2,8,2,0
4779,30,8,855,3,2,2.3333333333333335,0,7,2,7,0,2,2,4,1,3,3,0,2,0
1261,31,1,202,1,0,2.0,0,8,0,1,0,1,0,1,2,2,3,0,3,1
2007,26,5,921,5,3,2.3333333333333335,0,1,2,1,0,1,3,1,3,2,5,1,3,0
2001,40,20,1194,5,2,2.6666666666666665,0,2,3,2,0,1,3,3,3,3,2,0,2,0
8008,36,9,711,3,2,2.0,0,5,2,4,0,3,2,2,1,3,6,0,3,0
4950,25,5,1356,4,1,3.0,0,10,0,0,0,2,3,3,4,3,4,1,2,0
5376,33,10,1141,5,3,1.6666666666666667,0,1,2,2,0,2,3,3,1,4,3,1,1,0
17603,43,14,1291,14,11,2.3333333333333335,0,15,1,1,0,4,10,3,3,2,3,6,1,0
13499,40,20,593,18,13,2.6666666666666665,0,9,0,9,0,3,7,2,3,3,3,2,3,0
4385,45,10,336,10,5,1.0,0,26,1,1,0,2,7,1,1,2,2,4,1,0
4707,32,6,1474,4,2,3.6666666666666665,0,11,0,8,0,2,2,4,3,4,2,1,4,1
8620,29,10,1246,10,4,3.0,0,19,2,1,0,2,7,3,3,2,3,0,3,0
2991,38,7,1444,6,2,2.6666666666666665,1,1,1,0,1,1,2,4,2,3,2,1,2,0
2210,24,1,984,1,0,2.3333333333333335,0,17,1,1,0,1,0,4,2,3,3,0,1,1
5744,25,6,240,6,3,3.3333333333333335,1,5,0,1,1,2,4,3,3,2,1,0,4,1
5294,30,10,305,7,7,3.0,0,16,1,3,0,2,0,3,3,4,3,1,3,0
5098,35,10,1395,10,8,2.3333333333333335,0,9,0,1,0,2,7,2,3,3,5,0,2,0
5160,55,12,436,9,3,3.3333333333333335,0,2,0,4,0,2,7,3,4,3,3,7,3,1
9069,35,9,853,9,8,2.3333333333333335,0,18,1,1,0,3,8,2,1,3,3,1,4,0
2851,33,1,350,1,0,3.0,1,5,0,1,1,1,0,4,3,3,2,0,2,1
6388,33,14,516,0,0,2.6666666666666665,1,8,0,2,1,2,0,4,3,3,6,0,1,0
10306,35,15,737,13,0,2.6666666666666665,0,10,0,9,0,3,12,4,1,2,3,6,3,1
4025,32,10,1109,8,7,3.0,0,29,0,9,0,1,7,4,3,3,2,7,2,0
10552,58,24,1272,6,4,3.0,1,5,1,2,1,3,0,3,2,2,3,0,4,0
2351,34,3,296,2,0,3.6666666666666665,0,6,1,0,0,1,2,4,3,1,3,1,4,1
3580,49,7,1418,4,2,2.0,0,1,1,2,0,1,2,3,1,3,2,0,2,0
13973,50,22,939,12,5,3.6666666666666665,1,24,1,3,1,4,11,4,3,3,2,1,4,0
6118,30,10,570,10,2,3.3333333333333335,0,5,3,1,0,2,9,4,3,2,2,1,3,0
4523,42,7,1368,6,4,4.0,0,28,3,0,0,2,5,4,4,2,4,0,4,0
12965,53,27,661,3,2,2.6666666666666665,1,1,3,4,2,4,2,1,3,2,2,0,4,0
9715,29,9,441,7,7,2.3333333333333335,0,8,1,3,0,2,7,3,1,1,3,0,3,0
2517,27,5,1167,5,3,2.0,0,4,3,1,0,1,3,1,3,3,2,0,2,0
5204,35,10,1224,10,9,3.6666666666666665,1,7,0,1,1,2,8,3,4,3,2,0,4,0
2564,19,1,489,1,0,2.6666666666666665,0,2,0,1,0,1,0,1,4,2,3,0,3,1
10322,40,14,1492,11,1,3.0,0,20,1,4,0,3,10,1,4,3,6,11,4,0
4968,35,5,1182,5,2,4.0,0,11,1,1,0,2,2,4,4,3,3,0,4,0
5021,46,16,945,4,2,2.6666666666666665,1,5,1,8,1,2,2,2,2,3,2,0,4,0
4556,42,19,532,5,2,2.0,0,29,1,2,0,2,4,1,3,3,3,0,2,0
5770,45,10,1329,10,9,3.0,0,2,2,1,0,2,7,4,4,2,3,3,1,0
2760,29,2,428,2,2,2.3333333333333335,0,9,0,1,0,1,2,2,2,1,3,2,3,1
2996,34,10,560,4,3,2.6666666666666665,0,1,2,5,0,1,3,4,1,3,2,1,3,0
13964,49,25,1091,7,7,3.3333333333333335,1,1,0,7,1,4,1,3,3,2,2,0,4,0
4260,24,5,1371,5,3,3.6666666666666665,1,10,1,1,0,2,2,4,3,3,2,0,4,0
3894,22,4,1368,2,2,3.0,0,4,0,5,0,1,2,3,3,2,3,1,3,1
1274,30,1,990,1,0,2.6666666666666665,0,7,2,1,0,1,0,3,3,3,2,0,2,0
4541,44,20,200,20,17,3.3333333333333335,0,29,0,1,0,2,11,4,4,3,3,13,2,0
2693,30,1,1358,1,0,3.0,0,24,1,1,0,1,0,4,3,3,2,0,2,0
8726,27,9,994,9,7,3.6666666666666665,0,8,0,1,0,3,8,4,3,3,0,1,4,0
6578,30,10,852,10,4,2.3333333333333335,0,10,1,1,0,2,3,3,3,2,3,1,1,0
4617,24,4,771,4,2,2.3333333333333335,0,1,0,1,0,2,3,2,3,2,2,1,2,0
4878,33,10,501,9,1,2.3333333333333335,1,15,1,0,1,2,7,2,4,3,6,8,1,0
2455,43,9,185,8,7,2.6666666666666665,0,10,0,0,0,1,7,3,4,3,5,1,1,0
6500,34,6,1111,3,2,2.0,0,8,1,5,0,2,2,3,1,3,1,1,2,0
5772,46,14,1211,9,8,2.6666666666666665,1,5,0,4,1,2,6,1,4,3,4,0,3,0
18172,50,28,1115,8,7,1.3333333333333333,1,1,0,3,2,5,3,1,2,3,1,0,1,0
10609,37,17,625,14,7,2.3333333333333335,0,1,0,5,0,3,1,1,3,2,2,11,3,1
4554,29,10,442,10,9,2.3333333333333335,0,2,0,1,0,2,7,2,4,3,3,0,1,0
4768,44,11,383,1,0,2.3333333333333335,0,1,1,7,0,2,0,1,3,3,4,0,3,0
3420,44,6,1467,5,3,3.0,0,20,0,1,0,1,2,4,2,3,3,1,3,0
1281,35,1,727,1,0,3.0,0,3,2,1,0,1,0,3,3,2,3,0,3,0
10502,54,33,966,5,4,2.6666666666666665,0,1,1,7,0,3,4,4,3,3,2,1,1,0
12504,48,15,530,0,0,2.0,0,29,1,3,0,3,0,1,3,3,3,0,2,0
4148,31,4,853,4,3,2.3333333333333335,0,1,1,1,0,2,3,3,1,3,1,0,3,0
5878,32,12,824,7,5,2.3333333333333335,0,5,1,3,0,2,1,4,2,2,2,2,1,0
4907,42,20,635,20,6,2.6666666666666665,0,1,0,1,0,2,16,2,3,3,3,11,3,0
2610,31,2,874,2,2,3.0,0,15,1,1,0,1,2,3,3,3,5,2,3,1
2743,36,18,885,17,14,2.3333333333333335,0,16,0,1,0,1,13,3,1,4,1,15,3,1
4108,39,18,116,7,7,2.0,0,24,0,7,0,2,7,1,4,3,2,1,1,0
2362,29,11,224,9,7,1.6666666666666667,0,1,0,6,0,1,7,1,1,2,2,0,3,1
2966,26,5,1167,4,0,3.6666666666666665,0,5,0,0,0,1,2,4,3,2,2,0,4,0
5304,34,9,1362,5,4,2.3333333333333335,1,19,0,8,2,2,2,1,4,4,3,0,2,1
13225,46,25,1319,19,8,2.0,0,3,1,2,0,4,17,1,1,4,5,2,4,0
2468,38,9,594,6,5,2.3333333333333335,0,2,1,4,0,1,1,3,2,2,4,0,2,0
14732,55,31,1136,7,0,3.3333333333333335,0,1,2,2,0,4,7,2,4,4,4,0,4,0
7880,39,9,903,8,7,2.6666666666666665,0,2,0,0,0,3,7,1,3,4,3,0,4,0
10932,40,20,1094,1,1,2.3333333333333335,0,28,1,3,0,3,0,3,1,1,2,0,3,0
2231,34,6,303,4,2,3.3333333333333335,0,2,1,6,0,1,3,3,3,3,3,1,4,0
2546,29,6,408,2,1,2.3333333333333335,0,25,0,5,0,1,2,3,2,2,2,1,2,1
2339,56,14,310,10,8,3.6666666666666665,0,7,1,8,0,1,9,4,3,3,4,9,4,1
2269,32,3,234,2,2,2.0,0,1,1,0,0,1,2,2,2,2,2,2,2,0
7005,53,11,1395,4,2,3.0,0,24,0,3,0,3,3,2,4,4,2,1,3,0
1601,23,1,1243,0,0,2.3333333333333335,1,6,2,1,1,1,0,3,1,4,2,0,3,1
10377,35,16,1212,13,12,3.0,1,8,1,4,2,3,2,3,4,2,6,4,2,0
4240,48,19,277,2,2,2.6666666666666665,0,6,0,2,0,2,2,1,3,2,0,2,4,0
4969,26,7,265,2,2,2.3333333333333335,0,29,0,8,0,2,2,2,1,1,6,2,4,1
2194,35,5,664,3,2,2.3333333333333335,0,1,1,4,0,1,2,2,1,3,2,1,4,0
5689,35,10,1199,10,2,3.3333333333333335,1,18,2,1,0,2,2,3,3,3,2,0,4,0
2619,38,8,362,0,0,2.6666666666666665,0,1,0,3,0,1,0,3,1,3,3,0,4,0
16835,55,37,1117,10,7,2.3333333333333335,0,18,0,3,0,4,9,1,2,3,2,7,4,0
9602,37,17,558,3,0,3.3333333333333335,1,2,1,4,2,2,0,4,3,3,3,1,3,0
1081,30,1,945,1,0,3.0,0,9,0,1,0,1,0,2,4,3,3,0,3,1
16307,51,29,1318,20,17,2.3333333333333335,0,26,1,2,0,4,6,1,3,3,2,4,3,0
8943,31,10,798,10,9,2.3333333333333335,0,7,1,1,0,3,9,3,3,2,2,8,1,0
14118,57,32,210,1,0,2.6666666666666665,0,29,1,3,0,4,0,1,4,2,3,0,3,0
6322,32,6,646,6,5,3.0,1,9,1,1,2,2,4,1,4,3,2,0,4,0
4766,41,6,167,1,0,2.3333333333333335,1,12,1,3,1,1,0,2,4,3,4,0,1,0
1702,38,1,1490,1,0,3.6666666666666665,1,2,1,1,1,1,0,4,4,3,3,0,3,0
2580,27,6,591,4,2,3.6666666666666665,0,2,0,2,0,1,2,4,4,3,0,1,3,0
8834,37,9,142,9,7,2.3333333333333335,0,9,1,1,0,3,5,1,2,3,6,7,4,0
5454,44,9,1488,4,3,2.0,1,1,1,5,2,2,3,2,1,3,2,1,3,0
9980,29,10,1389,10,8,2.0,0,21,1,1,0,3,9,2,1,4,1,8,3,0
4312,35,16,776,15,8,2.0,0,1,0,0,0,2,13,3,1,2,2,2,2,0
2862,30,10,793,10,8,2.6666666666666665,0,16,1,1,0,1,0,2,4,3,2,0,2,0
7756,38,10,397,5,2,3.6666666666666665,1,2,1,3,0,3,4,4,3,2,6,0,4,0
5714,34,6,1400,6,3,2.0,0,9,0,1,0,2,5,2,3,3,3,1,1,0
18303,42,21,265,1,0,3.0,0,5,0,6,0,5,0,4,3,3,3,0,2,0
7898,48,11,855,10,8,3.6666666666666665,0,4,0,1,0,3,9,4,4,3,2,0,3,0
4553,39,20,408,20,10,2.6666666666666665,0,2,0,1,0,2,7,4,3,2,4,11,1,0
6804,49,7,1002,7,7,3.0,1,18,2,1,1,2,7,4,4,3,0,1,1,0
13591,41,16,896,1,0,3.6666666666666665,1,6,0,3,1,3,0,4,4,3,3,0,3,0
6347,30,12,1240,11,7,3.6666666666666665,1,9,0,0,3,2,9,3,4,3,2,4,4,0
3544,40,6,458,4,0,2.6666666666666665,0,16,1,9,0,1,2,3,3,3,0,0,2,0
1359,31,1,667,1,0,2.3333333333333335,0,1,0,1,0,1,0,2,3,1,3,0,2,1
5985,44,10,1112,2,2,2.0,0,1,0,4,0,2,2,1,3,2,1,0,2,0
2532,29,8,1086,4,3,2.6666666666666665,0,7,3,6,0,1,3,1,4,2,5,0,3,0
5321,38,10,508,8,7,2.6666666666666665,0,6,1,2,0,2,3,1,3,2,1,7,4,0
4103,41,10,1018,9,7,2.6666666666666665,0,1,1,0,0,2,3,3,1,3,2,1,4,0
4037,33,9,586,9,8,1.0,0,1,1,1,0,2,8,1,1,4,5,0,1,0
19049,44,23,1313,22,10,3.3333333333333335,1,7,1,0,2,5,7,2,4,3,4,1,4,0
11713,36,10,427,8,5,1.0,0,8,1,9,0,3,7,1,1,4,2,0,1,0
6274,34,6,304,6,4,3.6666666666666665,0,2,0,1,0,2,5,4,4,3,5,1,3,0
18947,46,22,705,2,1,2.3333333333333335,0,2,0,3,0,5,2,2,1,3,2,2,4,0
2290,44,6,111,0,0,3.6666666666666665,0,17,0,2,0,1,0,4,3,1,3,0,4,0
4148,35,15,208,14,9,3.3333333333333335,0,8,1,1,0,2,11,3,3,3,5,2,4,0
2319,29,1,805,1,0,2.3333333333333335,1,1,1,1,1,1,0,2,1,2,1,0,4,1
7625,38,10,827,9,8,3.0,0,1,0,0,0,2,7,2,4,4,4,1,3,0
4450,53,5,1084,4,3,2.6666666666666665,0,13,2,1,0,2,2,4,1,4,3,1,3,0
19144,50,28,797,10,6,1.3333333333333333,0,4,2,3,0,5,4,1,2,3,4,1,1,0
2973,37,10,1231,5,0,3.0,0,21,1,5,0,1,4,3,4,3,3,0,2,0
4213,37,10,370,10,8,2.3333333333333335,0,10,0,1,0,2,3,4,1,3,4,0,2,1
5745,38,10,688,2,2,3.3333333333333335,0,23,1,9,0,2,2,4,4,3,2,1,2,0
1563,28,1,1423,1,0,2.6666666666666665,0,1,1,1,0,1,0,1,3,2,2,0,4,0
10976,55,23,1091,3,2,2.6666666666666665,0,2,1,3,0,3,2,4,2,3,4,1,2,0
8823,38,20,330,19,9,2.3333333333333335,0,17,1,0,0,3,9,3,3,2,4,1,1,0
18824,45,26,1449,24,11,1.3333333333333333,1,2,0,2,1,5,10,1,2,1,2,1,1,1
2956,31,2,359,1,0,2.6666666666666665,0,18,0,0,0,1,0,4,1,4,4,0,3,1
2645,43,6,1273,5,4,3.6666666666666665,0,2,2,1,0,1,3,4,3,4,3,1,4,0
16823,40,22,1137,19,16,1.0,0,1,1,2,0,4,7,1,1,3,3,11,1,0
6577,30,6,1082,5,4,2.3333333333333335,0,12,0,0,0,2,4,2,3,3,6,4,2,0
4724,28,5,736,5,4,2.3333333333333335,0,26,1,1,0,2,3,3,1,2,0,0,3,0
1569,18,0,544,0,0,3.0,1,3,0,1,0,1,0,2,4,3,2,0,3,1
3485,28,5,529,0,0,2.3333333333333335,0,2,0,2,0,1,0,1,3,3,5,0,3,1
5238,39,12,1162,1,0,2.6666666666666665,1,3,0,4,2,2,0,4,3,3,3,0,1,1
5206,25,7,772,7,7,3.3333333333333335,0,2,2,1,0,2,7,4,3,4,6,0,3,0
6392,33,8,1242,2,2,2.0,0,8,1,2,0,2,2,1,1,3,6,2,4,0
9854,28,6,1475,2,2,3.6666666666666665,1,13,0,3,1,2,0,4,3,3,0,2,4,1
10266,60,22,1499,18,11,2.6666666666666665,0,28,0,4,0,3,13,3,1,2,5,13,4,0
13758,42,22,481,21,14,2.0,1,12,0,0,2,4,9,3,1,3,2,13,2,1
6142,34,10,970,5,3,3.0,0,8,0,3,0,2,1,2,3,3,2,4,4,0
4537,47,8,249,7,7,2.6666666666666665,1,2,1,0,1,2,6,3,4,3,2,7,1,0
11103,56,30,832,10,1,3.3333333333333335,0,9,0,7,0,4,7,3,4,3,1,1,3,0
2718,32,12,953,7,7,2.0,0,5,0,2,0,1,7,2,2,3,3,0,2,0
18711,49,23,1098,1,0,2.3333333333333335,0,4,1,2,0,5,0,1,3,2,2,0,3,0
2326,37,4,889,4,2,3.0,1,9,3,1,2,1,2,2,4,3,3,1,3,0
9355,41,8,143,8,7,2.0,0,4,0,1,0,2,7,1,2,3,5,7,3,1
3452,37,17,921,5,3,2.0,0,10,1,6,0,1,4,3,1,3,3,0,2,0
4898,28,5,467,4,3,2.6666666666666665,0,7,0,0,0,2,2,3,1,3,5,1,4,0
4774,27,8,1131,7,3,3.0,0,15,1,0,0,1,6,4,1,2,2,7,4,0
2768,34,14,1303,7,7,3.3333333333333335,0,2,1,3,0,1,3,4,3,2,3,5,3,0
6474,37,14,977,14,11,3.3333333333333335,0,1,1,1,0,2,8,4,4,2,2,3,2,0
5473,59,20,1225,4,3,2.6666666666666665,0,1,0,7,0,2,3,1,3,2,2,1,4,0
5915,31,10,655,7,7,4.0,0,7,1,3,0,2,7,4,4,3,3,1,4,0
2501,31,1,1082,1,0,2.3333333333333335,0,1,0,1,0,1,1,3,2,3,4,1,2,0
4485,36,10,506,8,7,3.0,0,3,0,4,0,2,0,3,2,3,2,7,4,0
3517,27,5,486,3,2,2.0,0,8,0,7,0,1,2,2,3,4,0,0,1,0
19626,40,21,1308,20,9,2.3333333333333335,0,14,0,1,0,5,7,3,3,2,2,4,1,0
4898,25,5,685,4,2,2.6666666666666665,0,1,2,0,0,2,2,1,3,3,3,1,4,0
6230,41,16,267,14,10,4.0,0,10,0,7,0,2,3,4,4,3,3,1,4,0
6728,50,12,878,6,1,3.0,0,1,2,7,0,2,3,2,3,3,3,0,4,1
2400,24,3,535,2,1,3.6666666666666665,0,24,2,0,0,1,2,4,4,3,3,2,3,0
8380,33,10,536,9,8,3.6666666666666665,1,10,2,0,1,3,8,4,3,4,3,0,4,0
2642,29,1,1396,1,0,3.0,0,10,0,1,0,1,0,3,3,3,6,0,3,0
5231,42,17,1265,5,3,3.0,1,3,1,2,2,2,3,3,4,4,1,1,2,0
6781,42,14,1332,1,0,2.3333333333333335,0,2,0,3,0,2,0,1,4,2,6,0,2,0
2342,33,3,1038,2,2,3.3333333333333335,0,8,0,0,0,1,2,2,4,2,2,2,4,0
2994,19,1,265,1,1,3.3333333333333335,1,25,0,1,1,1,0,2,4,4,2,0,4,0
4157,26,5,1443,2,0,3.3333333333333335,1,23,1,7,2,2,2,3,4,2,2,0,3,0
2572,35,3,384,3,2,2.3333333333333335,0,8,1,1,0,1,2,1,4,3,1,0,2,0
11849,47,10,666,10,9,2.3333333333333335,1,29,1,1,2,3,7,1,2,3,2,9,4,1
2613,30,10,1312,10,9,2.3333333333333335,0,23,3,1,0,1,7,1,3,1,2,0,3,0
2690,35,1,1349,1,1,3.6666666666666665,0,7,1,1,0,1,0,3,4,2,5,0,4,0
4403,32,8,117,5,3,3.0,0,13,1,2,0,2,2,2,4,3,3,0,3,0
3294,34,7,401,5,2,2.3333333333333335,0,1,1,5,0,1,4,4,2,2,2,0,1,0
19859,55,24,725,5,4,3.0,1,2,1,5,1,5,2,4,1,3,2,1,4,1
17924,50,31,881,31,7,2.0,0,2,1,1,0,4,6,1,1,3,3,14,4,0
2543,36,6,329,2,2,3.0,0,2,1,4,0,1,2,4,3,3,3,2,2,0
11245,50,32,1234,30,13,2.6666666666666665,1,20,1,2,1,4,8,2,3,3,3,12,3,0
2515,28,1,1485,1,0,3.6666666666666665,1,12,0,1,2,1,1,3,4,3,4,0,4,1
5582,31,10,1463,9,8,2.6666666666666665,0,23,1,0,0,2,0,2,4,2,2,7,2,0
9278,36,15,1174,5,1,2.3333333333333335,1,3,0,3,1,2,4,1,2,3,3,0,4,0
8793,27,9,294,9,7,2.6666666666666665,0,10,2,1,0,3,7,4,1,3,4,1,3,0
3931,32,6,1401,4,2,2.0,0,4,1,2,0,1,3,3,2,3,5,1,1,0
3424,25,6,180,4,1,1.6666666666666667,0,2,0,7,0,1,3,1,1,4,3,0,3,0
18041,40,21,1398,20,12,3.3333333333333335,0,2,0,0,0,5,15,3,3,3,2,1,4,0
16413,49,27,301,4,2,1.6666666666666667,0,22,2,3,0,4,2,1,2,3,2,1,2,0
7725,33,15,1296,13,7,3.3333333333333335,0,6,1,3,0,2,11,3,4,3,2,4,3,0
2956,32,1,827,1,0,3.0,0,1,0,1,0,1,0,4,1,3,2,0,4,0
2644,36,7,1157,3,2,3.6666666666666665,1,2,0,3,2,1,2,3,4,3,3,1,4,0
13142,51,29,1405,5,3,2.6666666666666665,0,11,0,3,0,4,2,4,2,2,1,0,2,0
2033,30,1,448,1,0,2.0,0,12,1,1,0,1,0,2,1,2,2,0,3,1
17426,54,36,584,10,7,2.6666666666666665,0,22,1,3,0,4,8,2,3,3,6,4,3,0
9637,31,9,1125,3,2,2.0,0,7,2,2,0,3,2,1,1,3,3,2,4,0
3917,35,3,802,3,2,2.3333333333333335,0,10,1,1,0,1,2,2,4,3,4,1,1,0
2105,47,7,207,2,0,2.6666666666666665,0,9,0,4,0,1,2,2,3,3,2,2,3,0
2270,45,8,974,5,2,4.0,0,1,2,3,0,1,3,4,4,3,2,0,4,0
12808,27,9,269,9,8,3.0,1,5,1,1,1,3,8,3,4,2,3,0,2,0
10333,47,28,1001,22,10,2.6666666666666665,1,4,1,8,1,3,11,3,2,2,4,14,3,0
4035,55,4,1229,3,2,3.0,1,4,0,0,1,2,2,4,3,3,2,1,2,0
10725,54,16,397,9,1,2.6666666666666665,0,19,1,2,0,3,7,3,2,3,1,7,3,0
7143,31,11,1232,11,10,3.3333333333333335,1,7,0,1,2,3,9,3,4,3,2,4,3,0
16595,41,22,1276,18,8,1.6666666666666667,0,2,1,7,0,4,16,2,1,3,2,11,2,0
8853,29,6,995,6,3,3.0,0,2,1,1,0,2,4,1,4,3,0,1,4,0
8237,39,11,1462,7,6,2.6666666666666665,0,6,1,2,0,3,6,4,3,4,3,7,1,0
9613,39,19,1132,18,7,2.6666666666666665,0,1,3,0,0,3,10,3,4,4,5,3,1,0
2356,31,8,1222,6,2,3.3333333333333335,1,11,1,3,1,1,4,4,4,3,2,0,2,0
7632,35,10,1276,8,0,3.3333333333333335,1,16,0,4,1,3,7,4,3,3,2,0,3,0
3907,24,6,506,6,2,1.6666666666666667,0,29,3,1,0,1,2,2,1,3,2,1,2,0
4298,27,6,472,2,0,2.3333333333333335,0,1,1,5,0,2,2,3,1,2,1,2,3,0
2305,26,3,390,3,2,3.3333333333333335,0,17,3,1,0,1,2,4,3,1,3,0,3,0
16627,43,21,782,1,0,3.0,1,6,1,4,2,4,0,2,4,2,3,0,3,0
2235,27,9,1103,9,8,2.0,1,14,2,1,2,1,7,1,1,3,3,6,4,0
2571,36,17,884,5,3,3.3333333333333335,0,23,1,4,0,2,2,3,4,4,3,0,3,0
5617,31,10,754,10,8,2.6666666666666665,1,26,0,1,1,2,7,1,4,3,4,0,3,1
17639,50,30,691,4,3,3.3333333333333335,0,2,0,5,0,4,3,3,3,3,3,0,4,0
6146,33,8,750,7,7,2.0,0,22,1,0,0,2,7,3,2,3,2,0,1,0
7779,36,18,217,11,9,2.0,0,18,0,2,0,2,9,1,4,3,0,0,1,0
2143,36,8,1041,5,4,2.3333333333333335,0,13,1,4,0,1,2,3,2,3,2,0,2,0
4319,29,10,1496,10,9,2.6666666666666665,0,1,1,1,0,2,7,4,3,3,1,0,1,0
2942,26,8,1355,8,7,3.3333333333333335,0,25,1,1,0,1,7,3,3,3,3,5,4,0
2089,43,7,1344,5,2,4.0,0,7,3,4,0,1,4,4,4,4,3,2,4,0
2579,34,8,204,8,6,3.3333333333333335,1,14,2,1,1,1,2,3,3,3,3,0,4,0
4978,47,4,543,1,0,3.0,0,2,1,7,0,2,0,3,2,3,3,0,4,0
13496,45,21,1385,20,10,3.0,1,20,0,0,1,4,7,3,4,3,2,4,2,0
17169,47,26,359,20,6,2.0,0,2,2,3,0,4,17,1,3,3,2,5,2,0
9907,32,7,414,2,2,2.6666666666666665,1,2,0,7,2,2,2,3,2,2,3,2,3,1
16598,53,35,447,9,8,2.6666666666666665,0,2,0,4,0,4,8,4,2,4,2,8,2,0
4538,34,4,131,3,2,2.6666666666666665,1,2,0,0,1,2,2,3,1,3,3,0,4,0
4534,39,9,524,8,7,1.6666666666666667,0,18,0,0,0,2,7,1,3,3,6,1,1,0
4221,28,5,120,5,4,2.3333333333333335,0,4,0,1,0,2,4,2,3,3,3,0,2,0
17174,48,24,117,22,7,3.3333333333333335,0,22,1,3,0,4,17,4,4,3,3,4,2,0
5974,37,13,1319,7,7,1.6666666666666667,1,6,2,4,1,2,7,3,1,4,2,6,1,0
4171,22,4,617,3,2,2.0,1,3,1,0,0,2,2,2,3,3,3,0,1,1
17861,46,26,1009,3,1,2.3333333333333335,0,2,0,6,0,4,2,1,3,3,2,0,3,0
5562,46,19,717,10,9,3.0,0,13,0,6,0,2,7,3,2,3,3,0,4,0
4960,47,20,703,7,7,3.0,0,14,0,2,0,2,7,4,1,3,2,1,4,0
2145,24,3,897,2,1,3.0,0,10,1,0,0,1,2,1,4,3,2,2,4,0
13348,42,18,1396,13,7,2.0,0,6,1,9,0,3,7,3,1,3,3,5,2,0
10209,44,16,1193,2,2,2.3333333333333335,1,2,0,5,2,3,2,2,3,3,2,2,2,0
2436,44,6,1037,4,2,3.0,1,1,0,6,1,1,3,2,4,3,2,1,3,0
17328,54,29,971,20,7,4.0,0,1,0,6,0,4,7,4,4,3,3,12,4,0
9756,45,9,176,5,3,3.0,0,4,2,4,0,3,0,3,3,1,2,0,3,0
1706,27,0,443,0,0,3.6666666666666665,0,3,3,1,0,1,0,4,4,3,6,0,3,0
2285,30,3,464,1,0,3.3333333333333335,1,4,0,9,1,1,0,3,4,3,4,0,3,1
2811,27,4,1134,2,2,2.3333333333333335,0,16,1,9,0,1,2,3,2,3,2,2,2,0
3760,29,3,1010,3,2,2.0,0,1,3,1,0,1,2,1,4,3,5,1,1,0
2366,26,8,887,8,7,2.3333333333333335,1,5,1,1,1,1,7,3,3,2,2,1,1,1
6842,36,13,1040,5,4,2.0,0,3,1,6,0,2,4,4,1,4,3,0,1,0
3983,29,4,738,3,2,3.0,0,9,0,0,0,1,2,2,4,2,2,2,3,0
5324,33,6,118,3,2,1.6666666666666667,0,16,0,5,0,2,2,1,1,3,3,0,3,1
10739,54,22,1441,10,8,3.0,0,17,1,8,0,3,7,3,3,3,2,0,3,0
4233,31,9,1365,3,2,2.0,0,13,0,2,0,2,1,2,1,3,2,1,3,1
3319,40,9,1300,9,7,2.0,0,24,2,1,0,2,8,1,4,3,3,4,1,0
19658,47,27,1176,5,0,3.3333333333333335,0,26,1,3,0,5,2,4,3,3,2,1,3,0
4968,30,10,1312,9,7,3.0,0,2,0,0,0,1,7,4,1,2,2,0,4,0
2911,31,5,670,5,3,2.6666666666666665,0,26,1,1,0,1,2,1,3,3,1,4,4,0
2406,38,10,653,10,9,4.0,0,29,0,1,0,2,3,4,4,3,2,9,4,0
8095,35,17,1296,16,13,3.0,0,5,0,0,0,3,6,3,2,3,5,0,4,0
13402,56,33,1369,19,9,2.3333333333333335,1,23,1,4,1,4,16,4,2,3,0,15,1,0
2793,37,13,319,9,8,2.6666666666666665,0,4,1,4,0,1,8,1,4,3,2,5,3,0
4568,34,10,1065,9,7,2.6666666666666665,0,23,0,0,0,2,5,2,3,3,2,8,3,0
2778,41,10,1085,7,0,3.0,1,2,1,4,2,1,7,2,4,1,1,1,3,1
2406,40,8,543,1,0,2.6666666666666665,0,1,2,8,0,1,0,1,4,3,3,0,3,0
17399,50,32,1126,5,3,3.6666666666666665,0,1,1,9,0,4,4,4,4,3,1,1,3,0
10920,39,13,1485,6,5,2.6666666666666665,0,25,1,3,0,3,4,3,3,3,2,0,2,0
2070,21,2,984,2,2,3.0,1,1,0,1,0,1,2,4,2,2,6,2,3,0
2592,38,13,1336,11,8,2.3333333333333335,0,2,3,5,0,1,10,1,2,3,3,3,4,0
13464,39,9,1253,4,2,3.0,0,10,0,7,0,3,3,3,3,3,3,2,3,0
8103,34,9,735,4,1,3.6666666666666665,1,3,0,3,2,2,2,4,4,2,3,0,3,0
3904,39,6,360,5,3,1.6666666666666667,0,23,0,0,0,1,2,3,1,3,2,0,1,1
2432,32,8,238,4,3,1.6666666666666667,1,5,0,3,1,1,1,1,3,4,2,0,1,1
2500,33,4,134,3,2,2.6666666666666665,0,2,0,0,0,1,1,3,4,3,2,0,1,0
4028,38,8,243,7,5,3.0,0,7,0,0,0,2,7,4,4,2,2,0,1,0
9380,45,10,1448,3,2,3.3333333333333335,1,29,2,4,0,3,1,2,4,3,4,1,4,0
5042,39,10,711,9,8,2.6666666666666665,0,4,0,0,0,2,2,1,3,3,2,3,4,0
4257,56,19,713,2,2,2.3333333333333335,1,8,1,4,1,1,2,3,1,3,3,2,3,0
4810,46,19,1485,10,8,3.0,0,18,1,2,0,2,7,3,3,3,5,0,3,0
13458,33,15,515,15,12,2.6666666666666665,1,1,0,1,1,3,14,1,4,3,1,8,3,0
14852,53,22,1376,17,2,3.0,0,2,1,6,0,4,13,3,3,3,3,15,3,0
6091,30,11,317,5,2,3.3333333333333335,0,2,0,2,0,2,4,3,4,1,2,0,3,0
18300,47,21,1482,3,1,3.0,0,5,1,4,0,5,2,4,3,3,2,1,2,0
4851,25,4,810,3,2,3.0,0,8,1,0,0,2,2,4,2,4,4,1,3,0
2408,28,1,329,1,0,2.6666666666666665,1,24,3,1,1,1,1,3,2,3,3,0,3,1
5916,35,8,556,1,1,2.0,1,23,0,3,1,2,0,2,3,2,1,0,1,1
4739,43,18,957,3,2,3.0,0,28,0,4,0,1,2,2,3,4,2,1,4,0
9985,43,10,1001,1,0,1.6666666666666667,0,7,1,8,0,3,0,3,1,3,1,0,1,0
8926,46,13,261,9,7,3.3333333333333335,0,21,1,4,0,2,7,4,2,3,2,3,4,1
2328,22,4,1136,4,2,2.3333333333333335,1,5,1,1,2,1,2,4,2,4,2,2,1,0
5155,42,9,647,6,5,2.3333333333333335,0,4,0,7,0,2,4,2,1,3,3,1,4,0
5433,34,11,1130,11,9,3.0,0,3,1,1,0,2,8,4,2,3,2,7,3,0
2259,48,13,1469,0,0,2.6666666666666665,0,20,2,4,0,1,0,4,3,3,2,0,1,0
5063,34,8,653,8,7,3.0,0,10,1,1,0,2,2,4,3,2,3,7,2,0
10239,55,24,111,1,0,3.0,0,1,1,3,0,3,0,1,4,3,4,1,4,0
8633,47,25,1180,17,11,2.0,0,25,0,2,0,3,14,1,3,3,3,12,2,0
4258,52,5,715,4,2,3.0,0,19,1,0,0,1,3,4,4,3,3,1,1,0
2728,20,2,727,2,2,2.0,0,9,0,1,0,1,2,4,1,3,3,0,1,0
4014,35,10,1137,10,7,4.0,1,21,1,1,3,2,6,4,4,3,2,0,4,0
6465,44,9,1459,4,3,4.0,1,10,0,2,0,2,2,4,4,3,5,1,4,0
2819,23,5,885,3,2,1.0,0,4,1,2,0,1,2,1,1,4,3,0,1,0
13206,38,20,201,18,11,2.0,0,10,1,3,0,3,16,2,3,1,3,1,1,0
10851,45,24,1038,7,7,1.6666666666666667,1,20,1,2,1,3,7,2,1,1,2,0,2,0
6735,32,10,964,0,0,1.6666666666666667,0,1,0,6,0,2,0,1,2,1,2,0,2,1
6380,40,8,575,6,0,2.3333333333333335,1,22,2,2,1,2,4,3,3,2,6,1,1,1
8966,35,15,1361,7,7,2.6666666666666665,1,17,3,3,1,2,7,3,1,3,2,1,4,0
2450,53,19,346,2,2,4.0,0,6,0,2,0,2,2,4,4,3,4,2,4,0
6209,32,10,604,10,8,3.3333333333333335,0,8,2,1,0,2,7,3,4,4,4,0,3,0
6712,34,8,704,8,7,3.6666666666666665,0,28,2,1,0,2,7,4,3,2,2,1,4,0
3058,27,6,1157,5,1,3.0,1,17,1,0,2,1,2,3,2,3,3,1,4,0
3673,42,12,748,12,8,2.6666666666666665,0,9,0,1,0,1,9,1,4,3,3,5,3,0
6834,28,7,783,7,7,3.3333333333333335,1,1,1,1,1,2,7,3,4,2,2,0,3,0
2348,45,20,194,17,15,2.3333333333333335,0,9,1,8,0,2,9,2,2,3,2,0,3,0
3377,40,7,616,4,2,2.6666666666666665,0,2,1,4,0,1,3,3,1,3,5,0,4,0
2950,52,12,258,5,4,2.3333333333333335,0,8,0,9,0,1,4,3,1,3,2,0,3,0
1611,18,0,1124,0,0,3.6666666666666665,0,1,0,1,0,1,0,4,4,3,5,0,3,0
5363,35,10,817,9,0,3.3333333333333335,0,1,1,0,0,2,7,4,4,2,0,0,2,0
7379,46,12,150,6,4,3.6666666666666665,0,2,1,2,0,2,3,4,4,3,3,1,3,0
2593,42,10,269,9,8,2.6666666666666665,1,2,1,0,1,1,6,4,1,2,4,7,3,0
3737,34,4,829,3,2,3.3333333333333335,0,3,1,0,0,1,2,3,4,3,1,0,3,0
19613,42,24,1059,1,1,4.0,0,9,0,8,0,5,0,4,4,2,2,0,4,0
11836,53,28,868,2,2,2.6666666666666665,0,8,1,5,0,4,0,1,4,3,3,2,3,0
9419,30,12,1339,10,4,3.0,0,5,1,2,0,3,9,2,4,3,2,7,3,0
3780,54,19,548,1,0,3.0,0,8,0,7,0,2,0,3,3,3,3,0,3,0
4424,31,11,746,11,8,3.6666666666666665,0,8,0,1,0,2,7,3,4,3,2,1,4,0
2062,29,11,592,3,2,2.3333333333333335,0,7,0,3,0,1,2,4,1,3,2,1,2,0
9936,31,10,325,9,7,1.6666666666666667,0,5,0,0,0,2,4,2,1,3,2,1,2,0
6833,31,6,1332,6,1,2.6666666666666665,1,11,0,1,2,2,5,3,1,3,2,0,4,0
5968,33,9,1303,9,8,3.3333333333333335,0,7,3,1,0,2,7,4,3,3,2,2,3,0
2973,20,1,129,1,0,1.3333333333333333,0,4,0,1,0,1,0,1,1,3,2,0,2,1
19502,49,31,1245,31,9,3.3333333333333335,1,18,1,1,1,5,9,4,3,2,5,0,3,0
10965,49,26,1261,5,0,2.6666666666666665,0,7,0,8,0,3,2,2,3,2,2,0,3,0
6385,55,17,135,8,7,3.0,1,18,2,3,1,2,7,3,2,3,3,6,4,0
2774,24,6,1127,5,2,2.6666666666666665,0,18,1,0,0,1,3,2,3,3,2,1,3,0
10008,58,31,601,10,9,2.6666666666666665,1,7,0,7,2,3,9,3,1,2,0,5,4,1
7119,33,9,654,3,2,3.6666666666666665,0,5,1,4,0,3,2,4,4,2,2,1,3,0
3500,37,7,1413,6,3,2.3333333333333335,0,5,0,0,0,1,5,3,3,4,2,1,1,0
3564,37,8,290,8,7,1.3333333333333333,1,21,1,1,2,1,7,2,1,4,3,1,1,0
4162,24,5,1476,5,3,3.3333333333333335,1,4,2,1,1,2,4,4,3,3,3,0,3,0
5660,58,12,390,5,2,3.6666666666666665,1,1,1,2,1,2,3,4,3,1,2,1,4,0
3919,32,10,1125,10,7,1.6666666666666667,1,16,0,1,1,1,2,2,1,1,5,6,2,1
2323,20,2,769,2,2,3.3333333333333335,1,9,0,1,1,1,2,4,4,3,3,0,2,1
16959,43,25,394,25,12,3.6666666666666665,1,26,2,1,0,4,12,3,4,3,3,4,4,0
5487,33,10,217,10,9,2.3333333333333335,0,10,0,1,0,2,4,2,3,3,2,0,2,0
8564,33,11,211,0,0,1.6666666666666667,1,16,0,2,2,3,0,1,1,3,2,0,3,1
5484,32,13,906,13,8,3.3333333333333335,0,7,1,1,0,2,8,4,3,2,3,4,3,0
16032,54,26,1050,14,12,2.3333333333333335,0,11,1,3,0,4,9,2,4,3,2,1,1,0
2218,31,4,329,4,2,2.6666666666666665,0,1,1,1,0,1,2,4,1,2,3,3,3,0
2785,31,3,703,1,0,3.3333333333333335,0,2,0,7,0,1,0,3,4,2,3,0,3,1
4841,42,4,1210,1,0,2.3333333333333335,0,2,1,4,0,1,0,3,2,2,3,0,2,0
5087,42,14,419,0,0,3.0,1,12,2,3,1,2,0,2,4,3,4,0,3,0
14756,55,21,836,5,2,3.3333333333333335,1,8,3,2,1,4,0,4,3,3,2,0,3,0
3838,33,8,1099,5,2,2.3333333333333335,0,4,0,8,0,1,4,1,2,2,5,0,4,0
2132,30,7,138,5,1,2.0,1,22,0,4,1,1,2,1,3,3,2,0,2,1
13212,56,36,906,7,7,2.6666666666666665,0,6,3,9,0,4,7,3,1,4,0,7,4,0
19973,41,21,247,21,10,2.3333333333333335,0,7,2,1,0,5,16,2,3,1,3,5,2,0
8639,25,6,959,2,2,2.6666666666666665,0,28,0,2,0,2,2,1,3,2,3,2,4,0
10793,31,13,326,13,9,2.0,0,8,1,1,0,3,7,1,4,3,5,9,1,0
3537,55,8,1441,4,2,2.3333333333333335,0,22,1,5,0,1,2,1,2,2,1,1,4,0
6397,47,8,719,5,3,3.0,1,27,0,4,1,2,4,2,3,4,2,1,4,1
19068,52,33,771,33,12,2.6666666666666665,1,2,0,1,0,5,7,1,3,2,2,15,4,0
8446,52,10,1030,8,7,2.3333333333333335,1,5,0,9,2,3,7,2,2,3,2,7,3,1
2622,33,7,147,3,1,3.0,0,4,0,6,0,1,2,3,2,2,3,1,4,0
3816,27,5,1469,5,4,2.6666666666666665,0,1,1,1,0,1,2,4,2,3,2,0,2,0
8606,35,11,1029,11,3,3.3333333333333335,0,16,0,1,0,3,8,4,2,2,3,3,4,0
1675,19,0,528,0,0,3.6666666666666665,1,22,0,1,2,1,0,4,3,3,2,0,4,1
5131,36,18,688,4,2,2.6666666666666665,0,4,3,7,0,2,2,4,2,3,3,0,2,0
2132,45,8,950,5,3,4.0,0,28,1,4,0,1,4,4,4,3,3,0,4,0
6074,34,9,658,9,6,2.6666666666666665,1,7,0,1,1,2,7,1,3,1,3,0,4,1
5373,29,6,136,5,2,1.0,0,1,1,0,0,2,3,1,1,3,5,0,1,0
3280,34,10,182,4,3,3.0,0,1,0,2,0,1,2,2,4,4,2,1,3,0
10447,41,23,796,22,5,3.3333333333333335,1,4,1,0,0,3,14,3,3,3,3,13,4,0
3477,31,6,741,5,3,3.0,0,2,1,1,0,1,2,2,3,3,2,0,4,0
5003,41,8,549,2,1,3.0,0,7,0,6,0,2,2,4,3,3,6,2,2,0
13966,49,30,465,15,12,2.6666666666666665,1,6,1,2,1,4,11,3,3,2,3,2,2,0
4668,32,9,689,8,7,4.0,0,9,3,0,0,2,7,4,4,1,2,0,4,0
5675,43,7,1422,7,7,2.6666666666666665,0,2,1,1,0,2,7,1,4,3,5,7,3,0
2166,40,10,1329,4,3,1.3333333333333333,1,7,0,3,3,1,2,1,1,3,3,0,2,1
4908,28,4,821,4,2,2.3333333333333335,0,5,0,1,0,2,2,1,4,3,3,0,2,0
5228,36,10,676,9,5,2.0,0,1,1,0,0,2,7,3,2,3,2,0,1,0
2818,44,10,986,3,2,2.6666666666666665,1,8,1,2,2,1,2,1,4,4,2,0,3,0
2013,36,15,311,4,3,2.0,0,7,0,2,0,1,3,1,2,3,4,1,3,0
7655,28,10,950,9,7,2.6666666666666665,0,3,3,0,0,3,7,4,2,3,3,1,2,0
2716,21,1,156,1,0,3.0,0,12,0,1,0,1,0,3,2,4,0,0,4,1
2180,30,6,600,4,2,3.3333333333333335,0,8,1,6,0,1,2,3,4,2,0,1,3,1
5326,26,6,1146,4,2,2.6666666666666665,0,8,0,6,0,2,3,4,1,2,2,1,3,1
4876,40,5,1151,3,2,4.0,0,9,1,9,0,2,2,4,4,2,5,0,4,0
3162,24,6,1269,5,4,3.0,0,4,0,0,0,1,2,1,4,2,2,3,4,0
2859,35,6,1214,6,4,2.0,0,1,0,1,0,1,4,2,3,2,3,0,1,0
4284,37,16,783,5,4,2.6666666666666665,1,7,1,5,1,2,3,4,1,3,2,0,3,0
4741,26,5,496,5,3,1.6666666666666667,1,11,1,1,1,2,3,1,1,3,3,3,3,0
9619,46,9,669,9,7,3.6666666666666665,0,9,0,1,0,3,8,3,4,2,3,4,4,1
8463,28,6,866,5,3,3.0,0,5,0,0,0,2,4,4,1,3,4,1,4,0
3339,29,10,806,7,7,2.0,1,7,2,3,1,1,7,2,3,3,2,7,1,1
5810,36,10,172,10,8,2.6666666666666665,0,4,0,1,0,2,4,1,4,2,2,1,3,0
2206,30,10,125,10,8,2.6666666666666665,0,9,0,1,0,1,0,4,3,2,5,1,1,0
2720,29,10,806,10,8,3.3333333333333335,0,1,1,1,0,1,7,2,4,1,5,2,4,0
6384,29,11,726,7,6,3.6666666666666665,0,29,2,8,0,2,0,4,3,1,3,1,4,0
2220,34,1,1333,1,0,3.3333333333333335,1,10,1,1,1,1,1,3,3,3,2,0,4,0
6162,32,14,859,14,8,3.0,0,4,1,1,0,2,13,3,3,2,3,6,3,0
2696,42,4,544,3,0,3.0,1,2,1,0,1,1,2,3,3,3,5,1,3,0
3748,30,12,911,12,7,3.0,0,1,0,1,0,1,8,4,2,3,6,1,3,0
4051,48,14,163,9,7,2.3333333333333335,0,2,1,2,0,2,7,2,4,3,2,6,1,0
3944,38,6,371,3,2,3.6666666666666665,1,2,0,5,1,1,2,4,4,3,3,1,3,0
2176,32,9,128,6,4,3.0,0,2,0,4,0,2,2,4,1,2,5,0,4,0
8020,35,12,1232,11,9,2.6666666666666665,0,16,2,0,0,3,9,3,2,3,3,6,3,0
3195,44,8,528,2,2,2.6666666666666665,1,1,3,4,1,1,2,3,4,3,2,2,1,0
4900,57,13,405,12,8,2.0,0,1,1,0,0,2,9,2,3,4,2,2,1,0
2932,34,6,181,5,2,3.0,1,2,3,0,1,1,0,4,4,4,3,1,1,0
7654,49,9,1184,9,7,2.6666666666666665,0,11,2,1,0,3,8,3,4,3,3,7,1,1
5329,38,17,573,13,9,3.3333333333333335,1,6,3,7,1,2,11,2,4,1,3,1,4,0
19033,40,21,989,20,9,3.0,0,4,1,1,0,5,8,4,3,3,2,9,2,0
18606,53,26,1223,7,7,3.0,0,7,1,3,0,5,7,4,3,3,6,4,2,0
2201,29,6,1283,3,2,4.0,0,23,0,9,0,1,2,4,4,3,4,1,4,0
2342,44,6,429,5,3,2.6666666666666665,1,1,3,1,2,1,3,3,2,3,2,2,3,1
9998,33,8,1111,5,2,2.3333333333333335,0,5,0,6,0,2,4,2,4,3,2,1,1,0
10248,44,24,477,22,17,3.0,0,7,1,3,0,3,6,1,4,2,4,5,4,0
4320,33,5,575,5,2,3.3333333333333335,0,25,0,1,0,2,3,4,2,2,2,0,4,0
2863,27,1,1337,1,0,1.3333333333333333,0,22,0,1,0,1,0,1,2,2,2,0,1,1
4187,29,10,991,10,9,1.6666666666666667,1,5,1,1,2,2,0,1,2,2,3,0,2,0
1051,18,0,287,0,0,3.3333333333333335,0,5,0,1,0,1,0,2,4,3,2,0,4,0
10231,43,23,531,21,17,4.0,0,4,0,3,0,3,7,4,4,2,3,15,4,0
4262,29,8,232,3,2,3.3333333333333335,0,19,2,4,0,2,2,4,4,3,2,1,2,0
6725,32,8,498,8,3,2.3333333333333335,0,3,1,1,0,2,7,3,1,3,2,6,3,0
10854,50,20,410,3,0,2.3333333333333335,1,28,1,4,1,3,2,4,1,2,3,2,2,1
2302,31,3,1060,3,2,2.3333333333333335,1,1,0,1,0,1,2,4,2,3,2,2,1,1
6513,40,12,1194,5,3,3.6666666666666665,0,1,1,4,0,2,3,3,4,3,3,0,4,0
4152,30,11,288,11,8,2.6666666666666665,0,2,3,1,0,2,10,3,4,2,3,10,1,0
6172,31,12,249,7,7,2.3333333333333335,1,6,0,4,2,2,7,2,3,1,3,7,2,1
6142,35,10,670,5,4,2.3333333333333335,1,10,0,3,1,2,2,1,3,3,4,0,3,0
2691,34,10,1397,10,8,3.3333333333333335,0,1,1,1,0,1,9,2,4,3,4,8,4,0
6674,28,10,1476,9,5,2.6666666666666665,0,1,3,0,0,2,8,3,4,1,6,7,1,0
3975,40,11,663,8,7,3.0,0,9,2,3,0,2,7,3,3,3,2,0,3,0
17567,46,27,563,26,12,2.3333333333333335,0,1,0,1,0,4,0,4,1,4,5,0,2,0
5296,26,8,933,8,7,2.6666666666666665,0,1,1,1,0,2,7,3,3,3,3,7,2,0
7140,30,12,979,7,7,1.6666666666666667,0,15,1,2,0,3,7,3,1,2,2,1,1,0
3743,35,5,622,4,2,3.0,1,14,1,1,3,1,2,3,2,2,2,0,4,1
4200,32,10,1033,5,4,1.0,0,9,0,7,0,1,4,1,1,3,2,0,1,1
9957,30,7,1176,6,2,2.3333333333333335,0,20,1,0,0,2,2,3,1,3,1,0,3,0
6799,34,10,810,10,8,2.6666666666666665,0,8,2,1,0,2,8,2,3,4,5,4,3,0
4859,35,5,195,5,3,2.6666666666666665,0,1,0,1,0,2,4,1,3,3,3,0,4,0
5677,40,15,444,11,10,2.3333333333333335,0,2,1,3,0,2,8,2,2,3,4,5,3,0
4599,34,16,790,15,10,2.0,1,24,0,0,0,2,9,1,2,2,2,10,3,1
4771,38,10,1206,5,3,3.3333333333333335,0,9,2,2,0,1,2,2,4,3,0,0,4,0
11916,30,9,634,9,8,2.3333333333333335,1,17,2,1,1,3,1,2,1,3,2,0,4,0
9071,46,15,1125,3,2,3.3333333333333335,1,10,1,2,1,3,2,3,4,2,3,1,3,0
12490,51,16,1469,10,7,2.6666666666666665,0,8,2,5,0,3,9,2,2,2,5,4,4,0
3505,23,2,310,2,2,2.6666666666666665,0,10,0,1,0,1,2,1,3,4,3,0,4,0
18722,55,36,692,24,15,3.0,0,14,0,8,0,5,15,3,2,4,3,2,4,0
10368,46,13,1277,10,3,3.0,1,2,1,4,2,3,6,3,4,3,5,0,2,0
2632,30,5,438,5,4,2.3333333333333335,0,18,0,1,0,1,4,1,3,3,4,0,3,0
15787,58,23,1216,2,2,2.0,1,15,0,2,1,4,2,1,3,3,3,2,2,0
13116,51,15,942,2,2,2.6666666666666665,0,3,0,2,0,3,2,1,3,3,2,2,4,0
2093,42,8,1474,2,0,3.0,0,5,1,4,0,1,2,2,3,3,4,2,4,0
7547,31,13,691,7,7,4.0,0,7,3,4,0,2,7,4,4,3,3,1,4,0
2308,34,12,1440,11,7,2.3333333333333335,1,7,1,0,1,1,10,2,3,3,4,5,2,0
19566,60,33,422,29,10,2.0,0,7,0,5,0,5,8,1,1,3,5,11,4,0
3629,37,8,1462,3,2,1.6666666666666667,0,11,0,4,0,1,2,1,3,3,6,0,1,0
5561,35,6,682,5,4,2.3333333333333335,0,18,1,0,0,2,3,2,1,3,2,0,4,0
5258,46,7,1144,1,0,3.0,0,7,0,2,0,2,0,3,3,3,2,0,3,0
2275,23,3,427,3,2,3.0,1,7,1,1,1,1,2,3,4,3,2,0,2,1
6893,38,11,1009,7,7,2.3333333333333335,0,2,1,3,0,2,7,2,1,3,3,1,4,0
2451,22,4,217,4,1,1.3333333333333333,0,8,1,1,0,1,3,2,1,1,3,1,1,0
6962,36,15,430,1,0,3.3333333333333335,1,2,1,4,1,2,0,4,2,3,2,0,4,0
4127,39,7,766,2,2,3.6666666666666665,0,20,1,2,0,2,1,3,4,3,6,2,4,0
2033,24,1,830,1,0,3.0,0,13,1,1,0,1,0,4,2,3,2,0,3,0
2011,44,10,1117,10,7,3.0,0,2,1,1,0,1,5,1,4,4,5,7,4,0
11557,31,10,688,5,1,3.3333333333333335,0,7,1,9,0,3,4,3,4,2,3,0,3,0
19190,44,26,1199,25,13,2.6666666666666665,0,4,2,1,0,5,9,3,1,4,4,14,4,0
3388,36,2,318,1,0,2.6666666666666665,1,9,1,0,2,1,0,4,3,2,0,0,1,1
7945,40,18,448,4,3,3.6666666666666665,1,16,0,6,2,3,2,3,4,3,2,3,4,0
7969,52,28,319,5,4,3.3333333333333335,1,3,0,2,1,3,4,4,3,2,4,0,3,0
19392,43,21,823,16,14,2.6666666666666665,0,6,0,7,0,5,12,1,3,2,2,6,4,0
6883,35,17,1370,7,7,3.0,0,27,1,2,0,2,7,4,3,3,3,0,2,0
1514,18,0,1431,0,0,2.6666666666666665,0,14,0,1,0,1,0,2,3,3,4,0,3,0
2929,34,10,678,10,7,2.6666666666666665,0,19,0,1,0,1,9,2,4,2,3,8,2,0
10686,54,13,1082,9,0,2.6666666666666665,0,2,1,6,0,3,4,3,3,2,4,7,2,0
4425,35,10,138,6,2,2.6666666666666665,0,2,0,5,0,2,2,2,2,3,5,1,4,0
5468,31,13,196,12,7,2.0,0,29,2,1,0,2,7,1,4,2,3,5,1,0
2838,51,8,968,7,7,2.3333333333333335,0,6,0,0,0,1,0,2,3,2,6,7,2,0
2478,27,4,1220,4,2,2.3333333333333335,1,5,0,1,2,1,3,3,2,3,2,1,2,0
8392,41,10,645,10,7,2.0,0,1,1,1,0,3,7,2,1,4,2,0,3,0
5249,38,13,1327,8,5,4.0,0,2,1,3,0,2,7,4,4,2,0,7,4,0
6877,30,12,946,0,0,3.0,1,2,0,5,2,2,0,3,4,2,4,0,2,0
2977,35,4,287,4,1,3.6666666666666665,0,1,1,1,0,1,3,3,4,1,5,1,4,0
2800,29,5,341,3,2,2.6666666666666665,1,1,3,6,1,1,2,2,3,2,3,0,3,1
6179,31,10,330,10,7,3.6666666666666665,1,22,2,1,2,2,2,4,3,3,3,6,4,1
4477,45,7,1457,3,2,2.3333333333333335,1,7,1,4,2,1,2,1,3,3,2,0,3,0
4069,40,8,1142,2,2,3.6666666666666665,1,8,0,3,1,2,2,4,4,3,2,2,3,0
3660,28,10,857,8,7,3.3333333333333335,0,10,0,3,0,2,7,3,3,3,4,1,4,0
4487,25,5,891,5,3,2.6666666666666665,1,4,0,1,1,2,4,2,4,2,3,1,2,0
2766,42,7,855,5,4,2.0,0,12,3,8,0,1,3,2,2,3,6,0,2,0
10650,51,18,1150,4,3,3.0,0,8,0,2,0,3,2,1,4,1,2,0,4,1
7823,35,12,882,10,8,3.3333333333333335,0,3,1,6,0,3,9,4,4,3,2,0,2,0
19545,41,23,1360,22,8,3.0,0,12,0,1,0,5,15,2,3,3,0,15,4,1
5208,35,16,819,16,10,2.3333333333333335,0,18,0,1,0,2,15,2,1,4,2,1,4,0
2559,48,7,969,1,0,3.0,0,2,0,5,0,1,0,4,2,4,4,0,3,0
2274,45,1,252,1,0,3.0,0,2,0,1,0,1,0,2,3,2,3,0,4,0
13120,49,22,174,9,3,2.6666666666666665,0,8,1,6,0,4,8,4,2,2,3,2,2,0
2008,34,1,546,1,0,2.0,0,10,2,1,0,1,0,2,2,3,3,1,2,0
3348,33,10,1076,10,7,1.0,1,3,0,1,1,1,8,1,1,3,3,9,1,1
13664,37,16,397,5,2,1.6666666666666667,0,7,0,4,0,3,2,1,3,3,3,0,1,0
4105,27,7,954,7,7,3.0,0,9,0,1,0,2,7,4,4,3,5,0,1,0
3491,30,10,853,10,9,2.3333333333333335,0,7,3,1,0,2,7,3,3,3,4,8,1,0
2321,31,4,335,3,2,1.6666666666666667,1,9,0,0,1,1,2,3,1,2,0,1,1,1
13734,51,21,313,7,0,3.0,0,3,0,3,0,4,7,4,2,3,6,1,3,0
3597,24,6,477,4,2,3.3333333333333335,0,24,0,8,0,1,3,4,2,3,2,1,4,0
16064,43,22,1034,17,9,3.6666666666666665,1,16,1,5,1,4,13,4,4,3,3,1,3,0
5380,56,6,1443,0,0,2.6666666666666665,0,11,1,4,0,2,0,4,1,2,3,0,3,0
2141,30,6,241,6,1,2.0,0,7,1,1,0,1,4,2,2,2,3,1,2,0
9713,34,9,1480,5,0,3.6666666666666665,1,4,3,2,1,3,3,3,4,3,3,1,4,0
3295,23,3,160,3,2,2.6666666666666665,0,4,0,1,0,1,2,3,2,3,3,1,3,0
4930,35,6,146,5,4,2.6666666666666665,1,2,0,0,0,1,4,1,4,2,2,1,3,0
2232,39,7,1431,3,2,3.0,0,1,3,7,0,1,2,3,3,3,1,1,3,0
5253,28,7,304,7,7,3.3333333333333335,0,9,0,1,0,2,5,2,4,3,1,0,4,0
4373,33,5,430,4,3,2.0,0,7,2,0,0,2,3,4,1,3,2,0,1,0
2544,26,8,1096,7,7,2.6666666666666665,0,6,1,0,0,1,7,3,4,4,3,7,1,0
5343,38,10,345,10,9,2.6666666666666665,0,10,1,1,0,2,7,1,4,3,1,1,3,0
2430,35,6,1402,5,2,2.0,0,28,2,0,0,1,3,2,3,2,5,4,1,0
2506,35,7,1258,2,2,3.3333333333333335,0,1,0,3,0,1,2,4,3,4,0,2,3,0
4680,37,4,1225,1,0,3.0,0,10,0,3,0,1,0,4,4,4,2,0,1,0
13237,40,22,302,20,13,2.6666666666666665,0,6,0,7,0,4,6,2,3,3,3,5,3,0
4559,31,4,542,2,2,2.6666666666666665,1,20,1,3,1,2,2,2,3,1,2,2,3,1
4335,29,11,657,8,1,2.0,0,27,1,4,0,2,7,2,3,3,3,1,1,0
5171,59,13,326,6,5,3.6666666666666665,0,3,0,5,0,2,1,3,4,2,2,0,4,0
9204,32,7,601,4,3,3.6666666666666665,0,7,1,4,0,2,3,4,4,3,3,0,3,0
2028,33,14,267,14,13,2.6666666666666665,0,21,3,1,0,1,11,2,2,4,6,2,4,0
2279,27,7,894,7,3,3.3333333333333335,0,9,0,1,0,1,7,4,2,3,2,0,4,0
2438,43,7,343,3,2,2.3333333333333335,0,9,0,4,0,1,2,1,3,3,2,1,3,0
4404,34,6,628,4,2,2.0,0,8,0,2,0,2,3,2,3,4,3,1,1,0
4071,37,19,1239,10,7,2.6666666666666665,0,8,0,2,0,2,0,3,2,3,4,4,3,0
6499,36,6,1195,6,3,2.3333333333333335,0,11,0,1,0,2,5,2,2,2,3,0,3,0
2148,26,6,920,5,4,3.0,1,20,0,0,1,1,1,4,2,3,3,1,3,1
2127,41,7,1283,4,3,2.0,1,5,0,2,2,1,2,2,3,4,5,0,1,0
2827,32,1,862,1,0,2.3333333333333335,0,2,3,1,0,1,0,3,1,3,3,0,3,0
8837,35,9,1146,9,7,3.3333333333333335,1,26,0,1,1,3,0,3,4,3,2,1,3,0
5902,39,17,1329,15,9,3.3333333333333335,0,4,1,4,0,2,11,4,3,2,1,5,3,0
10512,59,25,1429,9,4,4.0,0,18,0,6,0,3,7,4,4,3,6,5,4,0
2974,29,9,1082,5,2,3.3333333333333335,0,9,1,9,0,1,3,4,3,3,2,1,3,0
4505,34,12,1031,1,0,2.6666666666666665,0,6,1,6,0,2,0,3,2,2,3,0,3,0
5906,45,10,556,9,8,3.3333333333333335,0,25,2,0,0,2,8,2,4,2,2,3,4,0
10466,49,29,1490,8,7,2.3333333333333335,0,7,2,3,0,3,7,3,2,3,3,0,2,0
10609,38,17,119,16,13,2.3333333333333335,0,3,2,0,0,3,10,1,3,3,6,5,3,0
4197,31,10,311,10,2,2.0,0,20,1,1,0,2,8,2,3,3,2,0,1,0
3072,30,12,111,12,10,2.3333333333333335,0,9,2,1,0,2,9,3,1,3,4,6,3,0
5147,33,13,1283,11,7,3.3333333333333335,0,2,0,8,0,2,7,4,2,3,2,1,4,0
2042,26,6,342,3,2,1.3333333333333333,1,2,1,6,1,1,2,1,1,3,2,1,2,1
10312,58,40,147,40,6,4.0,0,23,1,1,0,3,10,4,4,3,3,15,4,1
19094,53,26,1282,14,8,3.3333333333333335,0,5,1,4,0,5,13,3,3,3,3,4,4,0
6500,27,9,511,8,7,2.0,0,2,0,0,0,2,7,1,3,4,5,0,2,0
6516,40,18,369,1,0,1.6666666666666667,1,8,1,2,1,2,0,2,1,3,3,0,2,0
9824,38,18,1495,1,0,3.0,0,10,1,3,0,2,0,3,3,3,4,0,3,0
10482,44,24,1376,20,6,2.3333333333333335,0,1,1,9,0,3,6,2,1,2,1,3,4,1
6811,41,10,509,8,7,1.6666666666666667,1,2,0,2,1,2,7,1,3,2,3,0,1,0
9525,37,6,1278,6,3,3.3333333333333335,0,1,2,1,0,2,3,3,4,1,2,1,3,0
10453,46,24,526,24,7,2.0,0,1,3,1,0,3,13,2,1,3,2,15,3,0
19999,52,34,699,33,9,2.3333333333333335,0,1,1,0,0,5,18,3,3,2,5,11,1,0
1118,25,1,599,1,0,3.6666666666666665,1,24,0,1,1,1,0,3,4,1,4,1,4,1
2157,29,3,1404,3,2,3.0,0,20,1,1,0,1,1,3,4,3,5,0,2,0
2789,31,2,444,2,2,3.0,0,5,1,1,0,1,2,4,2,3,5,2,3,0
4400,25,6,383,3,2,1.0,0,9,0,3,0,1,2,1,1,2,2,2,1,1
3760,24,6,567,6,3,2.6666666666666665,1,2,0,1,1,1,3,1,4,3,2,1,3,0
2058,29,7,992,6,5,3.3333333333333335,0,1,0,0,0,1,2,3,3,3,1,1,4,1
4907,25,6,1382,5,4,2.0,1,8,1,0,2,2,3,1,3,3,3,0,2,0
4249,35,9,482,9,1,2.6666666666666665,1,4,0,1,1,2,6,3,3,3,3,1,2,0
19627,46,23,430,2,2,4.0,0,1,2,9,0,5,2,4,4,3,0,2,4,0
4272,42,16,188,1,0,2.3333333333333335,0,29,0,4,0,2,0,2,4,1,3,0,1,0
2782,37,6,571,5,3,2.3333333333333335,1,10,2,0,2,1,3,4,1,3,3,4,2,0
3445,27,6,1054,6,4,3.3333333333333335,0,8,0,1,0,1,2,3,4,3,5,1,3,0
2858,38,20,1404,1,0,1.0,0,1,0,4,0,1,0,1,1,2,3,0,1,0
5406,36,15,301,15,11,3.0,0,15,1,1,0,2,12,4,4,1,4,11,1,0
2318,27,1,618,1,0,2.6666666666666665,0,4,0,1,0,1,1,2,3,3,2,0,3,0
19436,40,22,1416,21,9,2.6666666666666665,0,2,1,0,0,5,7,1,3,3,5,3,4,0
2362,44,10,935,3,2,1.6666666666666667,0,3,0,4,0,1,2,1,1,3,4,1,3,1
5484,34,9,1351,2,1,2.6666666666666665,0,1,1,9,0,2,2,2,4,3,3,2,2,0
4663,36,7,559,3,1,2.6666666666666665,1,12,2,9,1,2,2,3,3,3,2,1,2,0
3201,28,6,1451,5,4,1.3333333333333333,0,2,0,0,0,1,3,1,2,2,2,0,1,0
19717,56,36,206,7,7,2.3333333333333335,0,8,0,6,0,5,3,4,2,3,4,7,1,0
9884,35,10,1097,4,3,2.3333333333333335,1,11,1,2,1,3,0,3,1,2,3,2,3,0
2387,40,7,329,4,3,2.3333333333333335,0,1,1,3,0,1,2,2,2,3,3,0,3,0
4721,41,20,263,18,17,2.6666666666666665,1,6,0,2,1,1,13,4,1,3,3,2,3,0
3833,30,7,921,2,2,3.3333333333333335,0,1,2,3,0,1,2,4,3,1,2,0,3,0
10527,46,28,1034,2,2,2.6666666666666665,0,18,0,5,0,3,2,1,3,3,3,1,4,0
4011,30,12,721,12,7,3.6666666666666665,0,1,0,1,0,2,8,3,4,3,2,3,4,0
10274,35,15,819,7,4,2.3333333333333335,0,2,1,2,0,3,7,3,2,2,2,6,2,0
2288,38,2,1380,2,1,3.3333333333333335,0,9,0,1,0,1,2,3,4,3,3,2,3,0
3057,38,6,268,1,1,3.0,1,2,1,6,3,1,0,4,3,3,0,0,2,0
16328,44,24,136,20,17,2.6666666666666665,0,28,1,3,0,4,6,4,1,3,1,14,3,0
3540,27,9,728,9,8,3.0,0,23,1,1,0,2,8,2,3,2,5,5,4,0
3867,28,2,193,2,2,3.3333333333333335,1,2,1,1,1,1,2,4,4,2,2,2,2,0
6825,42,10,691,9,2,3.0,0,8,1,0,0,2,7,3,2,3,2,4,4,0
3433,32,10,585,5,3,1.6666666666666667,0,10,1,6,0,1,2,1,3,3,3,1,1,0
5828,26,8,950,8,4,3.3333333333333335,1,4,0,1,1,2,7,4,4,2,0,7,2,1
6294,29,10,461,3,2,3.6666666666666665,1,1,0,8,0,2,2,4,3,4,5,0,4,0
9852,31,10,587,10,6,2.6666666666666665,1,2,1,1,2,3,8,4,3,3,5,9,1,0
3140,41,4,1356,4,2,2.6666666666666665,1,20,0,1,2,1,3,2,2,3,5,0,4,1
17856,50,32,1421,2,2,2.6666666666666665,0,2,1,2,0,4,2,4,1,3,3,2,3,0
2686,33,10,527,10,8,3.6666666666666665,1,1,0,1,2,1,9,4,4,3,2,7,3,1
3294,47,3,1454,3,2,3.0,1,2,0,1,2,1,2,4,4,2,3,1,1,0
2238,41,7,933,5,4,2.6666666666666665,0,9,1,2,0,1,0,3,1,3,2,1,4,0
1129,31,1,1276,1,0,3.6666666666666665,1,2,3,1,1,1,0,4,4,1,4,0,3,0
9705,40,11,658,1,0,1.6666666666666667,0,10,1,2,0,3,0,1,2,2,2,0,2,0
6540,35,10,755,1,0,2.6666666666666665,0,9,0,9,0,2,1,3,2,2,5,0,3,0
9362,35,10,200,2,2,3.3333333333333335,0,18,0,2,0,3,2,3,4,3,2,2,3,0
19187,55,23,282,19,11,3.6666666666666665,0,2,1,4,0,5,9,4,3,1,5,9,4,0
19701,58,32,1055,9,5,2.6666666666666665,1,1,1,3,1,5,8,4,1,3,3,1,3,0
6347,37,8,1192,6,4,3.6666666666666665,0,5,2,7,0,2,2,4,4,3,2,0,3,0
3230,21,3,996,3,0,2.6666666666666665,0,3,0,1,0,1,2,4,3,2,4,1,1,0
6410,31,9,106,2,0,2.0,0,2,0,3,0,2,2,1,1,2,1,1,4,0
2107,41,5,906,1,0,1.0,0,5,1,6,0,1,0,1,1,2,2,0,1,1
9738,36,10,1467,9,8,3.0,0,11,1,0,0,3,7,2,4,3,6,2,3,0
9610,32,10,371,4,2,3.3333333333333335,0,19,1,3,0,3,3,4,3,1,2,0,3,0
3755,39,8,443,8,7,2.3333333333333335,0,8,1,1,0,1,3,3,3,3,3,0,1,0
2323,22,2,1256,2,2,2.6666666666666665,0,19,2,1,0,1,2,3,4,3,6,2,1,0
14336,43,25,982,25,9,2.0,0,12,1,1,0,4,10,1,2,2,3,3,3,0
4759,34,15,1326,13,12,3.0,0,3,0,3,0,2,9,4,1,1,2,3,4,0
6549,28,8,1083,8,7,2.3333333333333335,0,29,2,1,0,2,6,3,2,1,2,1,2,0
3904,26,5,683,4,1,3.0,0,2,0,0,0,1,3,1,4,2,2,1,4,0
19232,42,22,532,22,15,3.6666666666666665,0,4,0,1,0,5,17,3,4,3,3,11,4,0
4724,34,9,426,9,2,2.6666666666666665,0,10,1,1,0,2,7,3,4,4,3,7,1,0
4963,56,7,441,5,3,1.6666666666666667,1,14,3,9,1,1,4,2,2,3,2,4,1,1
4787,29,4,1092,2,2,2.3333333333333335,1,1,3,9,0,1,2,1,4,3,3,2,2,1
6377,40,15,1202,12,8,2.3333333333333335,0,2,3,5,0,2,11,2,3,4,0,11,2,0
4577,24,4,693,2,0,1.6666666666666667,0,3,0,9,0,2,2,1,3,3,3,2,1,1
5507,36,12,335,4,3,2.6666666666666665,0,17,2,2,0,2,2,3,2,2,1,1,3,0
6804,43,7,775,2,2,3.6666666666666665,0,15,1,3,0,2,2,4,4,2,5,2,3,0
18200,50,32,1246,32,7,2.0,0,3,1,1,0,5,5,1,2,3,2,10,3,0
2960,34,8,699,4,3,2.0,0,6,0,2,0,1,2,2,1,3,2,1,3,1
6272,42,10,179,4,3,2.0,0,2,1,7,0,2,3,4,1,4,3,0,1,0
2759,42,7,933,2,2,3.3333333333333335,1,19,0,6,1,1,2,3,3,4,2,2,4,1
2064,30,6,330,5,3,2.3333333333333335,0,1,1,0,0,1,3,3,3,3,3,1,1,0
2461,51,18,1323,10,7,2.3333333333333335,1,4,3,9,0,1,0,1,3,3,2,2,3,1
5736,39,10,1251,3,2,2.3333333333333335,0,21,1,6,0,2,2,1,3,1,1,1,3,0
2090,37,7,1373,0,0,3.0,1,2,0,6,1,1,0,4,3,2,3,0,2,1
13675,31,9,1327,2,2,2.0,0,3,1,9,0,3,2,2,3,3,3,2,1,0
6142,27,6,155,6,3,2.0,1,4,1,1,1,2,2,2,2,4,0,0,2,0
3072,41,17,1411,1,0,1.6666666666666667,0,19,2,2,0,2,0,3,1,3,2,0,1,0
2976,47,5,1309,0,0,2.0,0,4,0,3,0,2,0,2,3,3,3,0,1,0
6861,38,19,1035,1,0,3.0,1,3,0,8,1,2,0,2,4,3,1,0,3,0
3102,26,7,575,6,4,2.3333333333333335,0,3,0,0,0,1,4,3,1,3,2,0,3,1
19189,41,22,314,22,10,3.0,0,1,1,1,0,5,7,4,3,2,3,2,2,0
2422,30,4,109,3,2,1.6666666666666667,0,5,0,0,0,1,2,2,2,3,3,1,1,1
3210,36,16,1403,15,11,3.6666666666666665,0,6,1,0,0,1,13,4,4,3,4,10,3,0
4728,50,5,959,0,0,3.6666666666666665,1,1,0,3,1,2,0,4,3,3,4,0,4,1
2725,24,6,691,6,4,2.6666666666666665,1,23,2,1,1,1,5,2,4,4,3,1,2,0
3929,31,7,140,4,2,3.3333333333333335,1,12,1,8,1,1,2,3,4,3,0,0,3,0
4502,36,17,530,13,7,3.3333333333333335,0,2,0,3,0,2,7,3,4,3,2,6,3,0
3482,52,16,585,9,0,2.3333333333333335,0,29,2,2,0,1,8,1,4,3,3,0,2,0
2389,29,4,896,4,1,3.3333333333333335,1,18,0,1,2,1,3,3,4,2,3,0,3,1
17007,34,16,829,14,9,2.3333333333333335,0,15,2,7,0,4,8,2,1,3,3,6,4,0
5470,32,10,977,9,6,3.0,0,2,2,0,0,2,5,4,2,3,4,1,3,0
3591,28,3,1217,3,2,2.3333333333333335,0,1,1,1,0,1,2,3,1,3,3,1,3,0
2177,59,7,142,1,0,2.6666666666666665,0,3,1,3,0,1,0,3,4,2,6,0,1,0
16606,46,23,228,13,1,3.0,0,3,1,8,0,4,12,3,2,3,2,5,4,0
2933,26,1,482,1,0,2.6666666666666665,1,1,1,1,2,1,0,2,3,2,3,1,3,0
4581,35,13,880,11,7,3.0,1,12,0,3,0,2,9,4,4,3,2,6,1,1
2911,33,2,832,2,2,3.3333333333333335,0,5,1,1,0,1,2,3,4,2,2,0,3,0
5933,44,10,625,5,3,3.3333333333333335,0,4,0,9,0,2,2,4,2,3,2,2,4,0
19537,51,23,684,20,15,2.3333333333333335,0,6,0,7,0,5,18,1,3,3,5,15,3,0
13757,40,16,218,9,8,3.0,0,8,1,2,0,3,8,4,2,2,5,4,3,0
6389,39,12,141,8,6,2.6666666666666665,0,3,1,9,0,2,3,3,2,4,3,3,3,0
2655,48,19,708,9,7,3.3333333333333335,1,7,2,2,1,1,7,4,3,3,3,7,3,1
5332,31,10,715,5,3,3.0,0,2,0,7,0,2,2,4,1,3,3,0,4,0
6694,37,8,309,1,0,3.6666666666666665,1,10,3,2,1,2,0,4,4,2,5,0,3,0
1052,28,1,1144,1,0,2.6666666666666665,0,10,0,1,0,1,0,4,2,3,5,0,2,0
2121,19,1,419,1,0,2.6666666666666665,1,21,0,1,0,1,0,4,2,2,3,0,2,1
12185,37,10,663,10,7,3.0,1,11,3,1,1,3,8,2,4,3,1,0,3,0
2096,25,2,266,2,1,3.3333333333333335,0,1,0,1,0,1,2,4,2,3,3,2,4,0
19141,41,23,427,21,6,2.6666666666666665,0,10,3,3,0,5,6,2,4,2,2,12,2,0
2935,22,1,1123,1,0,3.3333333333333335,1,16,2,1,2,1,0,4,4,4,2,0,2,0
14275,53,33,102,12,8,3.6666666666666665,0,23,0,6,0,4,9,4,4,3,0,3,3,0
19237,50,29,1464,8,7,3.0,1,2,1,2,2,5,1,2,3,3,2,7,4,0
3708,44,9,381,5,4,2.3333333333333335,0,24,0,2,0,1,2,1,3,1,5,1,3,0
7847,43,10,1179,10,8,3.0,1,2,1,1,1,2,9,4,4,3,3,8,1,0
2897,54,9,155,4,3,2.3333333333333335,0,9,2,3,0,2,3,1,3,3,6,2,3,0
4941,36,7,216,3,1,2.6666666666666665,0,6,2,6,0,2,2,2,2,3,0,0,4,0
18789,46,26,168,11,8,3.0,0,4,1,2,0,5,4,4,2,2,2,0,3,0
19038,55,34,478,1,0,2.0,0,2,3,8,0,5,0,3,1,2,2,0,2,0
8376,39,9,1089,2,2,2.6666666666666665,0,6,0,4,0,3,0,2,2,3,3,2,4,0
2174,21,3,756,3,2,2.0,1,1,0,1,1,1,2,1,2,2,3,1,3,1
5257,43,9,559,9,0,2.6666666666666665,0,10,1,1,0,2,7,3,3,2,3,0,2,0
6132,51,10,1169,1,0,2.6666666666666665,0,7,0,2,0,2,0,2,3,2,2,0,3,0
2109,31,8,1398,3,2,3.3333333333333335,0,8,0,9,0,1,2,4,2,4,3,0,4,0
2909,33,8,1392,8,0,3.3333333333333335,1,3,0,1,1,1,7,4,3,3,3,3,3,0
2683,50,3,869,3,2,2.3333333333333335,1,3,0,1,1,1,2,1,3,2,2,0,3,1
17650,45,26,1234,9,1,3.3333333333333335,0,11,1,3,0,4,3,4,4,3,4,1,2,0
5488,33,6,827,6,2,2.0,1,1,1,1,1,2,5,3,2,4,2,1,1,0
8722,28,10,1366,10,9,1.3333333333333333,0,24,0,1,0,3,7,2,1,2,2,1,1,1
1200,18,0,812,0,0,2.6666666666666665,0,10,0,1,0,1,0,4,3,2,2,0,1,0
10388,35,16,583,16,1,3.0,1,25,1,1,2,3,10,3,3,3,3,10,3,0
2821,38,8,1186,2,2,2.3333333333333335,0,3,1,3,0,1,2,3,3,3,2,2,1,0
2127,24,1,823,1,0,3.3333333333333335,0,17,1,1,0,1,0,4,2,2,2,0,4,0
3681,35,9,538,3,2,3.0,0,25,0,4,0,2,2,1,4,2,3,0,4,0
16184,33,10,922,6,5,2.3333333333333335,0,1,1,4,0,4,1,1,3,4,2,0,3,0
4107,37,8,124,4,1,2.3333333333333335,0,3,0,3,0,2,3,4,2,3,3,0,1,0
8858,36,15,796,14,8,3.3333333333333335,0,12,0,0,0,3,8,4,4,2,2,7,2,0
4377,24,5,1206,4,2,3.0,0,17,2,1,0,2,2,4,3,2,6,3,2,0
2377,28,6,995,2,2,2.6666666666666665,0,9,1,5,0,1,2,3,3,3,2,2,2,0
5295,39,7,492,5,0,3.0,0,12,0,4,0,2,4,4,2,3,3,1,3,0
5163,37,17,1040,1,0,3.6666666666666665,0,2,1,5,0,2,0,3,4,2,2,0,4,0
17181,41,21,857,7,7,2.3333333333333335,0,10,1,4,0,4,6,4,1,2,2,7,2,0
3669,25,7,882,3,2,3.6666666666666665,0,19,3,3,0,1,2,4,4,3,6,1,3,0
4420,26,8,1384,8,7,2.3333333333333335,0,3,1,1,0,1,7,1,4,4,2,0,2,0
2693,21,1,1427,1,0,3.0,0,18,0,1,0,1,0,4,4,3,3,0,1,1
2061,26,1,474,1,0,2.0,0,3,0,1,0,1,0,1,4,3,5,0,1,0
10169,53,34,607,33,9,3.0,0,2,1,0,0,3,7,3,4,2,4,1,2,1
2871,22,1,534,0,0,3.0,0,15,0,1,0,1,0,2,4,3,5,0,3,0
2700,29,10,1252,10,7,3.0,0,23,1,1,0,1,7,3,3,4,3,0,3,0
2705,35,6,185,5,3,2.3333333333333335,0,23,1,0,0,1,4,2,3,1,2,0,2,0
5957,34,13,470,11,9,2.3333333333333335,0,2,1,6,0,2,9,4,1,2,3,5,2,0
4256,25,5,583,5,3,1.6666666666666667,0,4,0,1,0,2,2,3,1,2,1,0,1,0
2479,58,7,289,1,0,2.6666666666666665,0,2,0,4,0,1,0,4,3,3,4,0,1,1
3298,32,7,334,6,5,2.3333333333333335,1,5,2,0,2,1,2,1,2,4,5,0,4,0
2426,35,6,809,5,3,2.0,0,16,1,0,0,1,4,1,2,4,5,0,3,0
4434,42,10,933,9,8,2.6666666666666665,0,29,1,1,0,2,8,2,2,3,3,7,4,0
3730,32,4,515,3,2,3.6666666666666665,1,1,0,0,3,1,2,4,3,2,2,1,4,1
4777,37,15,1141,1,0,1.3333333333333333,0,11,0,5,0,2,0,1,2,1,2,0,1,1
6201,36,18,928,18,11,3.3333333333333335,1,1,1,1,2,2,14,2,4,3,1,4,4,0
5003,31,10,1125,10,7,2.3333333333333335,0,1,0,1,0,2,8,4,1,1,6,8,2,0
2044,28,5,1181,5,3,3.3333333333333335,0,1,1,1,0,1,3,3,4,3,6,0,3,0
16015,41,22,334,22,4,2.6666666666666665,0,2,0,1,0,4,10,4,2,3,2,0,2,0
9094,40,9,299,5,0,3.0,1,25,0,2,1,3,4,4,2,2,2,1,3,1
2277,33,7,1075,4,3,3.0,1,3,1,3,0,1,3,4,2,3,4,0,3,0
4465,32,4,976,3,2,2.6666666666666665,0,26,0,0,0,2,2,3,4,3,2,2,1,0
4440,38,16,1321,15,8,2.3333333333333335,0,1,2,0,0,2,13,4,2,3,3,5,1,0
5762,35,15,1180,7,7,3.0,0,2,1,2,0,2,7,2,4,3,6,1,3,0
7510,43,10,574,10,9,2.0,0,11,1,1,0,3,9,1,3,3,1,0,2,0
8578,46,12,706,9,7,3.6666666666666665,0,2,1,3,0,3,8,4,4,3,4,4,3,0
4001,34,15,1375,15,7,3.3333333333333335,1,10,1,1,1,2,14,4,3,3,3,0,3,0
5390,49,17,1023,9,8,3.3333333333333335,0,2,0,2,0,2,6,4,2,2,3,0,4,0
3038,32,8,120,5,4,2.3333333333333335,0,6,0,3,0,1,4,3,3,3,2,1,1,0
5399,45,12,1297,4,3,2.6666666666666665,0,1,0,4,0,2,2,2,3,3,3,0,3,0
2109,29,1,590,1,0,2.6666666666666665,0,4,1,1,0,1,0,4,1,2,2,0,3,0
2810,36,5,1351,5,2,1.6666666666666667,0,9,0,1,0,1,4,1,2,4,3,0,2,0
5093,35,16,1225,1,0,2.0,0,2,1,2,0,2,0,4,1,3,2,0,1,0
2853,22,1,1256,0,0,3.0,1,3,1,0,1,1,0,3,4,2,5,0,2,1
7491,37,12,799,6,2,3.3333333333333335,0,1,0,4,0,3,5,2,4,3,3,1,4,0
2904,23,4,1309,4,2,3.3333333333333335,0,26,2,1,0,1,2,3,4,3,2,0,3,0
3447,21,3,1343,3,2,3.0,0,22,0,1,0,1,2,3,3,3,2,1,3,0
2942,56,18,1240,5,3,2.0,0,9,1,2,0,1,4,1,3,3,4,0,2,0
10596,51,14,541,4,2,2.0,0,2,0,2,0,3,2,2,2,3,5,3,2,0
2404,29,3,906,0,0,2.6666666666666665,1,10,0,6,1,1,0,4,1,2,5,0,3,1
2380,50,8,804,1,0,2.3333333333333335,0,9,0,4,0,1,0,1,4,3,5,0,2,0
6272,26,6,703,5,4,2.3333333333333335,0,28,2,1,0,2,3,1,2,3,5,1,4,0
19272,39,21,672,21,3,2.6666666666666665,0,7,1,1,0,5,9,3,4,2,2,13,1,0
3211,49,10,722,9,4,2.6666666666666665,0,25,1,1,0,1,6,3,1,3,3,1,4,0
5056,29,10,718,10,2,3.0,1,8,1,1,2,2,7,2,4,2,2,1,3,0
2439,32,4,529,4,2,3.0,0,2,0,1,0,1,2,4,1,3,4,1,4,0
9667,30,9,1092,7,2,2.0,0,10,0,9,0,3,7,1,3,3,3,0,2,0
2341,27,1,1240,1,0,3.0,0,2,1,1,0,1,0,4,1,3,6,0,4,0
9888,34,14,937,14,1,2.0,0,1,0,1,0,3,8,1,4,3,3,2,1,0
19740,43,25,920,8,7,3.0,0,3,1,3,0,5,7,3,4,1,2,0,2,0
8224,33,6,603,5,3,1.0,1,9,0,0,1,2,2,1,1,3,3,0,1,1
2791,31,3,793,2,2,2.6666666666666665,0,20,1,0,0,1,2,3,4,4,4,2,1,0
3539,43,10,244,9,8,2.6666666666666665,0,2,0,0,0,1,7,2,4,3,5,1,2,0
5033,44,10,170,2,2,2.3333333333333335,0,1,1,2,0,2,0,2,1,4,5,2,4,0
6134,36,16,1456,2,2,1.6666666666666667,1,13,3,5,1,2,2,2,1,2,3,2,2,1
2066,56,5,1255,3,0,2.0,0,1,1,2,0,1,2,1,1,3,3,1,4,0
2115,37,17,1372,17,7,3.3333333333333335,0,1,0,1,0,1,12,4,4,3,3,5,2,0
